match_index,confidence,error_px
0.000000000000000000e+00,2.292968034744262695e-01,7.319659139670395831e+00
1.000000000000000000e+00,2.480847388505935669e-01,5.982288569672516765e+00
2.000000000000000000e+00,2.145954966545104980e-01,1.105709451974925983e+01
3.000000000000000000e+00,2.671582996845245361e-01,7.954239441314824965e+00
4.000000000000000000e+00,2.348118573427200317e-01,7.137101122066862757e+00
5.000000000000000000e+00,2.462597638368606567e-01,3.403176906704025839e+00
6.000000000000000000e+00,2.423180341720581055e-01,8.780174611236189364e+00
7.000000000000000000e+00,2.519142031669616699e-01,7.321793263026136422e+00
8.000000000000000000e+00,4.847338497638702393e-01,5.396600621779754192e+00
9.000000000000000000e+00,3.257579803466796875e-01,4.571732071651873675e+00
1.000000000000000000e+01,2.727527618408203125e-01,1.411982297968835898e+00
1.100000000000000000e+01,3.186309933662414551e-01,3.425954613819589323e+00
1.200000000000000000e+01,3.443697392940521240e-01,2.491403212347401475e+00
1.300000000000000000e+01,2.295510768890380859e-01,5.509907617731739649e-01
1.400000000000000000e+01,2.403213530778884888e-01,3.559050798083858602e+00
1.500000000000000000e+01,2.617007195949554443e-01,2.884230875015895812e+00
1.600000000000000000e+01,2.896077632904052734e-01,5.987109515830182360e+00
1.700000000000000000e+01,4.063684940338134766e-01,4.737012201584388293e+00
1.800000000000000000e+01,2.094430923461914062e-01,4.119853332542645852e+00
1.900000000000000000e+01,2.594673931598663330e-01,2.703746972468010767e+00
2.000000000000000000e+01,3.303665220737457275e-01,2.882235340682328673e+00
2.100000000000000000e+01,2.099224627017974854e-01,2.035307991197720323e+00
2.200000000000000000e+01,2.361547052860260010e-01,3.685259119803752093e+00
2.300000000000000000e+01,3.378961980342864990e-01,3.502199926574929734e+00
2.400000000000000000e+01,2.768341600894927979e-01,2.985484183546282200e+00
2.500000000000000000e+01,2.383740246295928955e-01,3.418774690309407838e+00
2.600000000000000000e+01,3.725717663764953613e-01,3.957988010379076105e+00
2.700000000000000000e+01,3.685344457626342773e-01,2.488212917829294657e+00
2.800000000000000000e+01,2.949886023998260498e-01,2.059102238944051422e+00
2.900000000000000000e+01,3.226872980594635010e-01,1.584568339434684336e+00
3.000000000000000000e+01,2.718355953693389893e-01,1.139301424651644634e+00
3.100000000000000000e+01,3.173323869705200195e-01,3.009011878926445505e+00
3.200000000000000000e+01,5.672000050544738770e-01,2.247899884254266567e+00
3.300000000000000000e+01,4.047739803791046143e-01,1.787232984614573805e+00
3.400000000000000000e+01,3.003243803977966309e-01,2.161333666391096475e+00
3.500000000000000000e+01,2.098388969898223877e-01,4.154904118506209443e+00
3.600000000000000000e+01,3.249481022357940674e-01,4.604091333874316128e+00
3.700000000000000000e+01,2.380001246929168701e-01,2.746827305470623592e+00
3.800000000000000000e+01,2.451270818710327148e-01,2.448446656065196070e+00
3.900000000000000000e+01,2.523268759250640869e-01,2.129106346025120278e+00
4.000000000000000000e+01,2.176273763179779053e-01,1.573456462528818767e+00
4.100000000000000000e+01,2.352056205272674561e-01,1.136368485235929038e+00
4.200000000000000000e+01,3.440729379653930664e-01,9.885899063490519723e-01
4.300000000000000000e+01,4.677472114562988281e-01,8.750286443390367097e-01
4.400000000000000000e+01,2.132779210805892944e-01,9.774818738201161983e-01
4.500000000000000000e+01,2.240450531244277954e-01,2.280250737332698563e+00
4.600000000000000000e+01,3.610499203205108643e-01,1.104529251435084181e+00
4.700000000000000000e+01,2.325124740600585938e-01,8.343879130110944953e-01
4.800000000000000000e+01,2.087129056453704834e-01,1.262925614042434752e+00
4.900000000000000000e+01,2.935758233070373535e-01,3.004973513238686333e+00
5.000000000000000000e+01,2.994210422039031982e-01,2.146326430538082253e+00
5.100000000000000000e+01,2.630986571311950684e-01,1.017338305279315458e+00
5.200000000000000000e+01,2.410971224308013916e-01,3.242531722295701968e+00
5.300000000000000000e+01,2.084041386842727661e-01,2.236658972967798142e+00
5.400000000000000000e+01,2.441381514072418213e-01,1.597291406693518212e+00
5.500000000000000000e+01,2.118060290813446045e-01,1.164084902951169509e+00
5.600000000000000000e+01,4.174953401088714600e-01,1.422127553015813506e+00
5.700000000000000000e+01,2.287835180759429932e-01,1.959506593751753734e+00
5.800000000000000000e+01,2.410307675600051880e-01,4.245595186282823619e+00
5.900000000000000000e+01,2.284246832132339478e-01,3.864981901827928557e+00
6.000000000000000000e+01,2.492395490407943726e-01,2.551316027475876158e+00
6.100000000000000000e+01,3.516196906566619873e-01,2.304111346500437030e+00
6.200000000000000000e+01,3.757518827915191650e-01,2.101366098723351783e+00
6.300000000000000000e+01,4.657166600227355957e-01,2.016232061769621442e+00
6.400000000000000000e+01,4.237180650234222412e-01,1.579265155367206130e+00
6.500000000000000000e+01,4.318425655364990234e-01,1.384369967965189518e+00
6.600000000000000000e+01,2.036156803369522095e-01,4.582993898034040114e+00
6.700000000000000000e+01,3.603630363941192627e-01,1.509632313620511868e+00
6.800000000000000000e+01,5.194675326347351074e-01,1.347631201618980423e+00
6.900000000000000000e+01,4.903218448162078857e-01,1.504369847775898217e+00
7.000000000000000000e+01,3.758979737758636475e-01,1.016715999497500578e+00
7.100000000000000000e+01,2.881615459918975830e-01,2.750736863643384655e+00
7.200000000000000000e+01,4.140996038913726807e-01,3.037939082581860628e+00
7.300000000000000000e+01,2.384688705205917358e-01,3.301452520177500904e+00
7.400000000000000000e+01,2.314911484718322754e-01,3.967590939174169939e+00
7.500000000000000000e+01,2.700064480304718018e-01,2.912577522026901455e+00
7.600000000000000000e+01,2.360092252492904663e-01,2.509784065279216492e+00
7.700000000000000000e+01,2.181283384561538696e-01,2.922464778583218514e+00
7.800000000000000000e+01,2.235925048589706421e-01,1.763996215076800489e+00
7.900000000000000000e+01,2.345207482576370239e-01,2.235815782478402625e+00
8.000000000000000000e+01,2.237412929534912109e-01,9.357901086400585156e-01
8.100000000000000000e+01,2.133319079875946045e-01,6.066703749508237653e-01
8.200000000000000000e+01,3.949087858200073242e-01,8.493621786416222230e-01
8.300000000000000000e+01,2.100839316844940186e-01,6.837778156420120101e-01
8.400000000000000000e+01,2.395082265138626099e-01,1.174385074002765927e+00
8.500000000000000000e+01,2.109513580799102783e-01,1.035994524767543723e+00
8.600000000000000000e+01,2.327367216348648071e-01,5.103896080501301391e+00
8.700000000000000000e+01,2.598089277744293213e-01,3.052108555678151536e+00
8.800000000000000000e+01,3.122076988220214844e-01,3.571473714125038779e+00
8.900000000000000000e+01,2.437459826469421387e-01,3.220655988893768029e+00
9.000000000000000000e+01,2.522733509540557861e-01,3.960543634003569569e+00
9.100000000000000000e+01,2.146430313587188721e-01,4.230007459371392997e+00
9.200000000000000000e+01,2.159899920225143433e-01,4.338453367802019400e+00
9.300000000000000000e+01,2.098112255334854126e-01,4.736335224075768124e+00
9.400000000000000000e+01,2.044601440429687500e-01,4.695409838425863569e+00
9.500000000000000000e+01,3.054293394088745117e-01,3.685100469581564120e+00
9.600000000000000000e+01,3.338813185691833496e-01,4.172034107322777352e+00
9.700000000000000000e+01,2.534473538398742676e-01,1.888584763169918190e+00
9.800000000000000000e+01,2.179730534553527832e-01,3.758793272454068912e+00
9.900000000000000000e+01,5.142247676849365234e-01,3.195985918972549911e+00
1.000000000000000000e+02,4.402296543121337891e-01,3.099841831363496780e+00
1.010000000000000000e+02,2.338547706604003906e-01,3.242973600940256773e+00
1.020000000000000000e+02,2.047057300806045532e-01,3.908525446793667424e+00
1.030000000000000000e+02,2.338276505470275879e-01,3.477807170529030323e+00
1.040000000000000000e+02,2.303369194269180298e-01,2.496384806154241520e+00
1.050000000000000000e+02,2.646996080875396729e-01,1.972971002077745561e+00
1.060000000000000000e+02,2.246496975421905518e-01,2.164236586461332656e+00
1.070000000000000000e+02,2.507967650890350342e-01,1.915801817234699778e+00
1.080000000000000000e+02,3.622927665710449219e-01,2.891008047919316315e+00
1.090000000000000000e+02,3.516017794609069824e-01,2.406520487454188117e+00
1.100000000000000000e+02,2.058077007532119751e-01,2.453969817182057422e+00
1.110000000000000000e+02,2.242432087659835815e-01,2.329927042559972961e+00
1.120000000000000000e+02,2.218307256698608398e-01,4.103045563235379944e+00
1.130000000000000000e+02,2.497221082448959351e-01,9.798037576577811603e-01
1.140000000000000000e+02,2.448537796735763550e-01,8.221772695643659867e-01
1.150000000000000000e+02,3.638250529766082764e-01,2.054879160883334333e+00
1.160000000000000000e+02,3.872080743312835693e-01,1.525478728541378004e+00
1.170000000000000000e+02,2.681851983070373535e-01,1.840787106342158364e+00
1.180000000000000000e+02,2.123723328113555908e-01,4.111916435509083811e+00
1.190000000000000000e+02,2.131155282258987427e-01,1.291388139988715267e+00
1.200000000000000000e+02,2.701341807842254639e-01,8.680483000289622719e-01
1.210000000000000000e+02,2.440411150455474854e-01,2.748396782942950534e+00
1.220000000000000000e+02,2.531792223453521729e-01,3.524799927492825447e+00
1.230000000000000000e+02,2.282328754663467407e-01,2.882401145069263482e+00
1.240000000000000000e+02,2.429615706205368042e-01,2.789692828691080262e+00
1.250000000000000000e+02,2.273402512073516846e-01,3.237871833955539458e+00
1.260000000000000000e+02,2.258372306823730469e-01,1.610177491201465694e+00
1.270000000000000000e+02,2.220315188169479370e-01,2.384800095594362457e+00
1.280000000000000000e+02,2.375408411026000977e-01,8.378506904545434120e-01
1.290000000000000000e+02,2.772680222988128662e-01,1.726626153385294904e+00
1.300000000000000000e+02,2.366417348384857178e-01,2.271475616541991815e+00
1.310000000000000000e+02,2.122162282466888428e-01,1.424007708539304140e+00
1.320000000000000000e+02,2.212801277637481689e-01,9.210868917069016115e-01
1.330000000000000000e+02,2.835099697113037109e-01,1.003113843420681883e+00
1.340000000000000000e+02,2.748490273952484131e-01,1.618955250028094595e+00
1.350000000000000000e+02,2.118125408887863159e-01,1.919939216075338795e+00
1.360000000000000000e+02,2.596564590930938721e-01,3.112852133116237319e-01
1.370000000000000000e+02,2.938793003559112549e-01,1.113854475972378077e+00
1.380000000000000000e+02,2.595957517623901367e-01,1.781772924903786359e+00
1.390000000000000000e+02,2.099399566650390625e-01,3.404954738897211453e+00
1.400000000000000000e+02,2.736979126930236816e-01,4.406931358429107881e+00
1.410000000000000000e+02,2.319772392511367798e-01,2.262237525264465532e+00
1.420000000000000000e+02,3.067927956581115723e-01,3.134752330148965704e+00
1.430000000000000000e+02,4.130076169967651367e-01,4.325361678268830445e+00
1.440000000000000000e+02,2.216527014970779419e-01,2.213864568366908259e+00
1.450000000000000000e+02,4.437502622604370117e-01,3.275641119573717841e+00
1.460000000000000000e+02,3.782013058662414551e-01,3.936312060076556207e+00
1.470000000000000000e+02,3.197792172431945801e-01,2.885166059245745096e+00
1.480000000000000000e+02,2.057437747716903687e-01,2.570315896458023275e+00
1.490000000000000000e+02,3.019553422927856445e-01,7.471833664579105028e-01
1.500000000000000000e+02,4.543724358081817627e-01,1.347461865799947311e+00
1.510000000000000000e+02,5.147144198417663574e-01,2.565281939561514957e+00
1.520000000000000000e+02,3.216603994369506836e-01,3.651703698076837146e+00
1.530000000000000000e+02,2.074001878499984741e-01,4.663609964632096094e+00
1.540000000000000000e+02,2.528897523880004883e-01,5.164059169756074485e-01
1.550000000000000000e+02,4.925529956817626953e-01,1.928352272460855499e+00
1.560000000000000000e+02,2.882667183876037598e-01,2.477953784205349397e+00
1.570000000000000000e+02,2.012737691402435303e-01,2.884195965274039875e+00
1.580000000000000000e+02,5.340492725372314453e-01,1.031866665934677796e+00
1.590000000000000000e+02,5.014799237251281738e-01,2.377088690624032385e-01
1.600000000000000000e+02,4.568139016628265381e-01,9.389394258316421382e-01
1.610000000000000000e+02,3.657913506031036377e-01,1.751609741057876590e+00
1.620000000000000000e+02,2.928687632083892822e-01,3.043458497786065031e+00
1.630000000000000000e+02,3.836102187633514404e-01,1.516294143320655818e+00
1.640000000000000000e+02,4.748116433620452881e-01,7.514175132990671413e-01
1.650000000000000000e+02,4.434850811958312988e-01,1.234270696880624296e+00
1.660000000000000000e+02,2.093570530414581299e-01,9.688722889416209183e-01
1.670000000000000000e+02,2.293340265750885010e-01,1.620040760668354674e+00
1.680000000000000000e+02,3.521595001220703125e-01,3.132759850762023124e+00
1.690000000000000000e+02,2.646046280860900879e-01,2.176791560205243226e+00
1.700000000000000000e+02,5.477619171142578125e-01,1.244149997545497932e+00
1.710000000000000000e+02,5.210411548614501953e-01,5.610252070396979374e-01
1.720000000000000000e+02,5.085055828094482422e-01,1.252421715416269121e+00
1.730000000000000000e+02,3.234611749649047852e-01,2.585993203464826529e+00
1.740000000000000000e+02,2.067664563655853271e-01,3.292904775257576411e+00
1.750000000000000000e+02,2.974932789802551270e-01,2.806797397725036447e+00
1.760000000000000000e+02,2.877172827720642090e-01,2.274663193444530940e+00
1.770000000000000000e+02,4.196357131004333496e-01,7.508908798649041039e-01
1.780000000000000000e+02,3.172788918018341064e-01,8.739949117432443959e-01
1.790000000000000000e+02,3.185900449752807617e-01,2.148572638025699533e+00
1.800000000000000000e+02,2.723664343357086182e-01,8.855916303133614109e-01
1.810000000000000000e+02,3.035830855369567871e-01,7.799339306351790180e-01
1.820000000000000000e+02,2.161483019590377808e-01,1.449702118827290720e+00
1.830000000000000000e+02,2.896159291267395020e-01,2.238444860738502573e+00
1.840000000000000000e+02,2.228439003229141235e-01,2.805015274278531034e+00
1.850000000000000000e+02,2.177993953227996826e-01,9.107944064484539970e-01
1.860000000000000000e+02,2.282246649265289307e-01,1.185245226691438392e+00
1.870000000000000000e+02,2.131297737360000610e-01,4.024288264816328287e+00
1.880000000000000000e+02,3.081785142421722412e-01,3.914330281352432217e-01
1.890000000000000000e+02,2.113612145185470581e-01,1.537339726421781183e+00
1.900000000000000000e+02,2.491534203290939331e-01,1.218664467496951120e+00
1.910000000000000000e+02,3.999784588813781738e-01,2.227482930731647492e+00
1.920000000000000000e+02,2.327920198440551758e-01,3.436602282053510482e+00
1.930000000000000000e+02,2.175220698118209839e-01,8.794889503185924218e-01
1.940000000000000000e+02,2.046731561422348022e-01,2.244462703505639034e+00
1.950000000000000000e+02,2.026198953390121460e-01,2.567407740928431270e+00
1.960000000000000000e+02,2.035028934478759766e-01,1.898746828729991343e+00
1.970000000000000000e+02,2.087109833955764771e-01,2.693886974784380772e+00
1.980000000000000000e+02,2.466362416744232178e-01,5.544252671670729660e-01
1.990000000000000000e+02,2.193824350833892822e-01,1.344184621798075074e+00
2.000000000000000000e+02,2.244502604007720947e-01,9.614662657221731967e-01
2.010000000000000000e+02,4.202846586704254150e-01,1.904441584982805136e+00
2.020000000000000000e+02,2.895958125591278076e-01,3.813168839334555749e+00
2.030000000000000000e+02,2.487606406211853027e-01,3.491006811925627673e+00
2.040000000000000000e+02,3.189432322978973389e-01,7.493462651209473746e-01
2.050000000000000000e+02,2.469284534454345703e-01,2.149385023169081421e+00
