match_index,error_px
0.000000000000000000e+00,7.319659139670395831e+00
1.000000000000000000e+00,5.982288569672516765e+00
2.000000000000000000e+00,1.105709451974925983e+01
3.000000000000000000e+00,7.954239441314824965e+00
4.000000000000000000e+00,7.137101122066862757e+00
5.000000000000000000e+00,3.403176906704025839e+00
6.000000000000000000e+00,8.780174611236189364e+00
7.000000000000000000e+00,7.321793263026136422e+00
8.000000000000000000e+00,5.396600621779754192e+00
9.000000000000000000e+00,4.571732071651873675e+00
1.000000000000000000e+01,1.411982297968835898e+00
1.100000000000000000e+01,3.425954613819589323e+00
1.200000000000000000e+01,2.491403212347401475e+00
1.300000000000000000e+01,5.509907617731739649e-01
1.400000000000000000e+01,3.559050798083858602e+00
1.500000000000000000e+01,2.884230875015895812e+00
1.600000000000000000e+01,5.987109515830182360e+00
1.700000000000000000e+01,4.737012201584388293e+00
1.800000000000000000e+01,4.119853332542645852e+00
1.900000000000000000e+01,2.703746972468010767e+00
2.000000000000000000e+01,2.882235340682328673e+00
2.100000000000000000e+01,2.035307991197720323e+00
2.200000000000000000e+01,3.685259119803752093e+00
2.300000000000000000e+01,3.502199926574929734e+00
2.400000000000000000e+01,2.985484183546282200e+00
2.500000000000000000e+01,3.418774690309407838e+00
2.600000000000000000e+01,3.957988010379076105e+00
2.700000000000000000e+01,2.488212917829294657e+00
2.800000000000000000e+01,2.059102238944051422e+00
2.900000000000000000e+01,1.584568339434684336e+00
3.000000000000000000e+01,1.139301424651644634e+00
3.100000000000000000e+01,3.009011878926445505e+00
3.200000000000000000e+01,2.247899884254266567e+00
3.300000000000000000e+01,1.787232984614573805e+00
3.400000000000000000e+01,2.161333666391096475e+00
3.500000000000000000e+01,4.154904118506209443e+00
3.600000000000000000e+01,4.604091333874316128e+00
3.700000000000000000e+01,2.746827305470623592e+00
3.800000000000000000e+01,2.448446656065196070e+00
3.900000000000000000e+01,2.129106346025120278e+00
4.000000000000000000e+01,1.573456462528818767e+00
4.100000000000000000e+01,1.136368485235929038e+00
4.200000000000000000e+01,9.885899063490519723e-01
4.300000000000000000e+01,8.750286443390367097e-01
4.400000000000000000e+01,9.774818738201161983e-01
4.500000000000000000e+01,2.280250737332698563e+00
4.600000000000000000e+01,1.104529251435084181e+00
4.700000000000000000e+01,8.343879130110944953e-01
4.800000000000000000e+01,1.262925614042434752e+00
4.900000000000000000e+01,3.004973513238686333e+00
5.000000000000000000e+01,2.146326430538082253e+00
5.100000000000000000e+01,1.017338305279315458e+00
5.200000000000000000e+01,3.242531722295701968e+00
5.300000000000000000e+01,2.236658972967798142e+00
5.400000000000000000e+01,1.597291406693518212e+00
5.500000000000000000e+01,1.164084902951169509e+00
5.600000000000000000e+01,1.422127553015813506e+00
5.700000000000000000e+01,1.959506593751753734e+00
5.800000000000000000e+01,4.245595186282823619e+00
5.900000000000000000e+01,3.864981901827928557e+00
6.000000000000000000e+01,2.551316027475876158e+00
6.100000000000000000e+01,2.304111346500437030e+00
6.200000000000000000e+01,2.101366098723351783e+00
6.300000000000000000e+01,2.016232061769621442e+00
6.400000000000000000e+01,1.579265155367206130e+00
6.500000000000000000e+01,1.384369967965189518e+00
6.600000000000000000e+01,4.582993898034040114e+00
6.700000000000000000e+01,1.509632313620511868e+00
6.800000000000000000e+01,1.347631201618980423e+00
6.900000000000000000e+01,1.504369847775898217e+00
7.000000000000000000e+01,1.016715999497500578e+00
7.100000000000000000e+01,2.750736863643384655e+00
7.200000000000000000e+01,3.037939082581860628e+00
7.300000000000000000e+01,3.301452520177500904e+00
7.400000000000000000e+01,3.967590939174169939e+00
7.500000000000000000e+01,2.912577522026901455e+00
7.600000000000000000e+01,2.509784065279216492e+00
7.700000000000000000e+01,2.922464778583218514e+00
7.800000000000000000e+01,1.763996215076800489e+00
7.900000000000000000e+01,2.235815782478402625e+00
8.000000000000000000e+01,9.357901086400585156e-01
8.100000000000000000e+01,6.066703749508237653e-01
8.200000000000000000e+01,8.493621786416222230e-01
8.300000000000000000e+01,6.837778156420120101e-01
8.400000000000000000e+01,1.174385074002765927e+00
8.500000000000000000e+01,1.035994524767543723e+00
8.600000000000000000e+01,5.103896080501301391e+00
8.700000000000000000e+01,3.052108555678151536e+00
8.800000000000000000e+01,3.571473714125038779e+00
8.900000000000000000e+01,3.220655988893768029e+00
9.000000000000000000e+01,3.960543634003569569e+00
9.100000000000000000e+01,4.230007459371392997e+00
9.200000000000000000e+01,4.338453367802019400e+00
9.300000000000000000e+01,4.736335224075768124e+00
9.400000000000000000e+01,4.695409838425863569e+00
9.500000000000000000e+01,3.685100469581564120e+00
9.600000000000000000e+01,4.172034107322777352e+00
9.700000000000000000e+01,1.888584763169918190e+00
9.800000000000000000e+01,3.758793272454068912e+00
9.900000000000000000e+01,3.195985918972549911e+00
1.000000000000000000e+02,3.099841831363496780e+00
1.010000000000000000e+02,3.242973600940256773e+00
1.020000000000000000e+02,3.908525446793667424e+00
1.030000000000000000e+02,3.477807170529030323e+00
1.040000000000000000e+02,2.496384806154241520e+00
1.050000000000000000e+02,1.972971002077745561e+00
1.060000000000000000e+02,2.164236586461332656e+00
1.070000000000000000e+02,1.915801817234699778e+00
1.080000000000000000e+02,2.891008047919316315e+00
1.090000000000000000e+02,2.406520487454188117e+00
1.100000000000000000e+02,2.453969817182057422e+00
1.110000000000000000e+02,2.329927042559972961e+00
1.120000000000000000e+02,4.103045563235379944e+00
1.130000000000000000e+02,9.798037576577811603e-01
1.140000000000000000e+02,8.221772695643659867e-01
1.150000000000000000e+02,2.054879160883334333e+00
1.160000000000000000e+02,1.525478728541378004e+00
1.170000000000000000e+02,1.840787106342158364e+00
1.180000000000000000e+02,4.111916435509083811e+00
1.190000000000000000e+02,1.291388139988715267e+00
1.200000000000000000e+02,8.680483000289622719e-01
1.210000000000000000e+02,2.748396782942950534e+00
1.220000000000000000e+02,3.524799927492825447e+00
1.230000000000000000e+02,2.882401145069263482e+00
1.240000000000000000e+02,2.789692828691080262e+00
1.250000000000000000e+02,3.237871833955539458e+00
1.260000000000000000e+02,1.610177491201465694e+00
1.270000000000000000e+02,2.384800095594362457e+00
1.280000000000000000e+02,8.378506904545434120e-01
1.290000000000000000e+02,1.726626153385294904e+00
1.300000000000000000e+02,2.271475616541991815e+00
1.310000000000000000e+02,1.424007708539304140e+00
1.320000000000000000e+02,9.210868917069016115e-01
1.330000000000000000e+02,1.003113843420681883e+00
1.340000000000000000e+02,1.618955250028094595e+00
1.350000000000000000e+02,1.919939216075338795e+00
1.360000000000000000e+02,3.112852133116237319e-01
1.370000000000000000e+02,1.113854475972378077e+00
1.380000000000000000e+02,1.781772924903786359e+00
1.390000000000000000e+02,3.404954738897211453e+00
1.400000000000000000e+02,4.406931358429107881e+00
1.410000000000000000e+02,2.262237525264465532e+00
1.420000000000000000e+02,3.134752330148965704e+00
1.430000000000000000e+02,4.325361678268830445e+00
1.440000000000000000e+02,2.213864568366908259e+00
1.450000000000000000e+02,3.275641119573717841e+00
1.460000000000000000e+02,3.936312060076556207e+00
1.470000000000000000e+02,2.885166059245745096e+00
1.480000000000000000e+02,2.570315896458023275e+00
1.490000000000000000e+02,7.471833664579105028e-01
1.500000000000000000e+02,1.347461865799947311e+00
1.510000000000000000e+02,2.565281939561514957e+00
1.520000000000000000e+02,3.651703698076837146e+00
1.530000000000000000e+02,4.663609964632096094e+00
1.540000000000000000e+02,5.164059169756074485e-01
1.550000000000000000e+02,1.928352272460855499e+00
1.560000000000000000e+02,2.477953784205349397e+00
1.570000000000000000e+02,2.884195965274039875e+00
1.580000000000000000e+02,1.031866665934677796e+00
1.590000000000000000e+02,2.377088690624032385e-01
1.600000000000000000e+02,9.389394258316421382e-01
1.610000000000000000e+02,1.751609741057876590e+00
1.620000000000000000e+02,3.043458497786065031e+00
1.630000000000000000e+02,1.516294143320655818e+00
1.640000000000000000e+02,7.514175132990671413e-01
1.650000000000000000e+02,1.234270696880624296e+00
1.660000000000000000e+02,9.688722889416209183e-01
1.670000000000000000e+02,1.620040760668354674e+00
1.680000000000000000e+02,3.132759850762023124e+00
1.690000000000000000e+02,2.176791560205243226e+00
1.700000000000000000e+02,1.244149997545497932e+00
1.710000000000000000e+02,5.610252070396979374e-01
1.720000000000000000e+02,1.252421715416269121e+00
1.730000000000000000e+02,2.585993203464826529e+00
1.740000000000000000e+02,3.292904775257576411e+00
1.750000000000000000e+02,2.806797397725036447e+00
1.760000000000000000e+02,2.274663193444530940e+00
1.770000000000000000e+02,7.508908798649041039e-01
1.780000000000000000e+02,8.739949117432443959e-01
1.790000000000000000e+02,2.148572638025699533e+00
1.800000000000000000e+02,8.855916303133614109e-01
1.810000000000000000e+02,7.799339306351790180e-01
1.820000000000000000e+02,1.449702118827290720e+00
1.830000000000000000e+02,2.238444860738502573e+00
1.840000000000000000e+02,2.805015274278531034e+00
1.850000000000000000e+02,9.107944064484539970e-01
1.860000000000000000e+02,1.185245226691438392e+00
1.870000000000000000e+02,4.024288264816328287e+00
1.880000000000000000e+02,3.914330281352432217e-01
1.890000000000000000e+02,1.537339726421781183e+00
1.900000000000000000e+02,1.218664467496951120e+00
1.910000000000000000e+02,2.227482930731647492e+00
1.920000000000000000e+02,3.436602282053510482e+00
1.930000000000000000e+02,8.794889503185924218e-01
1.940000000000000000e+02,2.244462703505639034e+00
1.950000000000000000e+02,2.567407740928431270e+00
1.960000000000000000e+02,1.898746828729991343e+00
1.970000000000000000e+02,2.693886974784380772e+00
1.980000000000000000e+02,5.544252671670729660e-01
1.990000000000000000e+02,1.344184621798075074e+00
2.000000000000000000e+02,9.614662657221731967e-01
2.010000000000000000e+02,1.904441584982805136e+00
2.020000000000000000e+02,3.813168839334555749e+00
2.030000000000000000e+02,3.491006811925627673e+00
2.040000000000000000e+02,7.493462651209473746e-01
2.050000000000000000e+02,2.149385023169081421e+00
