category,sequence,status,num_matches,valid_evaluations,inference_time,sequence_runtime,mean_error,median_error,min_error,max_error,within_1_px,within_3_px,within_5_px,within_10_px,within_1_rate,within_3_rate,within_5_rate,within_10_rate,mean_confidence,median_confidence,min_confidence,max_confidence
viewpoint,v_woman,success,16,16,11.499516725540161,11.574315547943115,3.6114535346089163,3.7619072889171274,0.7022832487850452,6.286737164104253,1,7,11,16,0.0625,0.4375,0.6875,1.0,0.2609560787677765,0.25564080476760864,0.20197908580303192,0.3321382403373718
viewpoint,v_graffiti,success,224,224,8.884227514266968,8.957034349441528,2.5996369473871668,2.368278070747531,0.27112762194860923,7.583955483941296,32,142,211,224,0.14285714285714285,0.6339285714285714,0.9419642857142857,1.0,0.2718251645565033,0.2508662939071655,0.2001858353614807,0.5525250434875488
viewpoint,v_wall,success,275,275,8.548128843307495,8.58902096748352,1.6730951979404827,1.4281392941547324,0.01937847269014848,6.648152113059168,88,242,273,275,0.32,0.88,0.9927272727272727,1.0,0.3047943115234375,0.2790824770927429,0.2001253068447113,0.5736107230186462
viewpoint,v_yard,success,422,422,10.734269857406616,10.795116424560547,1.8343820283078656,1.7422607085250297,0.03836356640062795,4.559934688481896,97,371,422,422,0.22985781990521326,0.8791469194312796,1.0,1.0,0.3005411624908447,0.27038154006004333,0.20003262162208557,0.7056910991668701
viewpoint,v_london,success,202,202,10.027170658111572,10.078035831451416,2.4345528847720352,2.26887078898677,0.03829497424643974,6.451320284270944,29,142,194,202,0.14356435643564355,0.7029702970297029,0.9603960396039604,1.0,0.29301905632019043,0.2724507451057434,0.2002459466457367,0.6462621092796326
viewpoint,v_bark,no_matches,0,,8.706704378128052,8.749590158462524,,,,,,,,,,,,,,,,
illumination,i_ajuntament,success,949,949,10.915792226791382,10.95668625831604,0.5573457031646236,0.5509695543268087,0.03895037772126493,1.3961084270779816,922,949,949,949,0.9715489989462592,1.0,1.0,1.0,0.32670503854751587,0.2927917540073395,0.20018301904201508,0.7343536019325256
illumination,i_bologna,success,185,185,8.992937803268433,9.022858142852783,0.5408441533795866,0.5231774908926661,0.07522479012101264,1.0702784000052448,182,185,185,185,0.9837837837837838,1.0,1.0,1.0,0.2808627486228943,0.2596363127231598,0.20021986961364746,0.5636434555053711
illumination,i_londonbridge,success,251,251,8.667808532714844,8.775520086288452,0.8264031562401052,0.8344081996903647,0.1363964778418857,1.5275556538219672,186,251,251,251,0.7410358565737052,1.0,1.0,1.0,0.28282037377357483,0.2552092969417572,0.20007003843784332,0.6748579144477844
illumination,i_santuario,success,524,524,9.285155534744263,9.325050115585327,0.8802065631133423,0.8999596941011394,0.03904057125651829,6.463986252998401,336,523,523,524,0.6412213740458015,0.9980916030534351,0.9980916030534351,1.0,0.2989223599433899,0.27540284395217896,0.20007778704166412,0.6453036069869995
illumination,i_school,success,1329,1329,11.287798166275024,11.31871509552002,0.744319520906724,0.7377646074391742,0.05327549332762195,1.8562578433225116,1059,1329,1329,1329,0.7968397291196389,1.0,1.0,1.0,0.328604519367218,0.2992904782295227,0.20000796020030975,0.8444154858589172
illumination,i_zion,success,1362,1362,10.063077688217163,10.111947536468506,0.7269675746637447,0.7220995936357795,0.04251462560719769,1.6503749386759115,1140,1362,1362,1362,0.8370044052863436,1.0,1.0,1.0,0.32193711400032043,0.3016318678855896,0.2006046324968338,0.744640588760376
