match_index,image1_x,image1_y,image2_x,image2_y,projected_x,projected_y,geometric_error_px
0,14.011887,645.953796,126.870308,668.589111,126.307137,668.717962,0.577723
1,14.137020,1030.151001,133.138870,1205.233276,133.591407,1205.195042,0.454149
2,17.917459,951.706482,137.243179,1096.765015,136.787210,1096.099944,0.806367
3,18.706503,538.175964,130.751022,515.239136,130.130349,515.142545,0.628144
4,21.499975,723.664490,136.925400,779.535217,137.029686,777.733524,1.804709
5,25.916883,876.776917,144.587021,990.801941,145.214043,990.690635,0.636825
6,35.942417,832.292053,155.992630,926.619141,156.629997,927.219776,0.875785
7,40.512619,446.379944,156.488052,384.318481,155.469026,384.504525,1.035870
8,41.885887,930.825073,166.294235,1061.911621,165.492446,1061.832756,0.805659
9,42.338352,893.470032,165.734665,1010.169067,165.405939,1010.447716,0.430936
10,47.017555,484.882721,164.615204,439.619141,164.115055,439.472690,0.521149
11,53.242142,480.878662,171.456345,434.814484,171.634251,433.938536,0.893832
12,63.183411,1011.053162,192.092941,1167.585693,192.140143,1165.883852,1.702496
13,63.923302,669.954712,187.375610,696.474915,187.620205,698.609108,2.148164
14,70.003616,1040.820190,198.958282,1203.995850,200.607799,1204.185816,1.660419
15,75.533241,300.154755,196.065918,178.846024,195.657362,179.111303,0.487126
16,88.499115,682.323853,217.643524,713.473022,216.902113,713.637858,0.759514
17,94.047966,448.974731,218.934982,385.081360,219.996663,390.389711,5.413479
18,96.650810,1063.398438,231.481537,1226.772339,231.789574,1226.978882,0.370873
19,96.820229,1076.651123,232.723236,1243.411377,232.167171,1244.534082,1.252867
20,103.322754,428.182587,230.196396,361.034271,230.598923,361.813577,0.877124
21,104.307564,361.571198,230.065948,267.593964,230.805875,268.846048,1.454375
22,118.048874,353.336395,247.781921,259.714539,246.745792,258.569821,1.544002
23,118.076897,362.736053,247.336273,272.837280,246.905642,271.665752,1.248168
24,118.151840,362.362671,247.336273,272.837280,246.987655,271.152280,1.720686
25,119.173920,398.037201,247.149384,320.222046,248.654799,320.825395,1.621822
26,123.883057,388.506500,253.945679,308.197357,253.976842,307.929553,0.269611
27,126.857475,656.639954,260.788574,674.229797,260.875207,675.596733,1.369678
28,129.186981,646.843384,262.703857,661.293518,263.402470,662.154956,1.109114
29,129.550964,261.313629,258.896515,131.093201,258.857810,131.489620,0.398305
30,129.550964,261.313629,258.896515,131.093201,258.857810,131.489620,0.398305
31,130.842575,444.443268,262.356873,385.527161,262.713173,385.601696,0.364013
32,131.049667,401.399597,262.137817,326.281311,262.398806,326.257992,0.262028
33,133.202713,1046.027954,273.007324,1194.203613,272.873997,1194.090158,0.175067
34,136.564056,285.276672,267.510986,164.670929,267.251352,165.832278,1.190018
35,136.564056,285.276672,267.510986,164.670929,267.251352,165.832278,1.190018
36,140.144806,330.239563,271.820129,227.528244,271.921503,228.625329,1.101759
37,146.207092,423.910522,280.196320,359.481598,279.973472,358.109312,1.390262
38,147.895386,519.228821,283.164124,488.220856,283.024683,488.283772,0.152978
39,153.206924,626.583374,289.773438,633.141418,290.247029,633.365643,0.523990
40,153.532944,293.673248,287.171661,178.290482,286.722983,179.562845,1.349156
41,156.479233,319.813477,290.826172,217.436630,290.364851,215.933937,1.571911
42,156.479233,319.813477,290.826172,217.436630,290.364851,215.933937,1.571911
43,160.911514,442.892609,291.277954,386.313293,296.767133,384.717194,5.716521
44,161.223923,413.727112,296.762146,344.916870,296.786331,344.995532,0.082296
45,161.223923,413.727112,296.762146,344.916870,296.786331,344.995532,0.082296
46,168.951660,610.745117,307.233398,610.822021,307.574010,611.327707,0.609700
47,168.951660,610.745117,307.233398,610.822021,307.574010,611.327707,0.609700
48,170.559448,667.720886,309.376038,687.293457,309.961201,687.357293,0.588636
49,190.189957,626.016235,330.700562,631.244629,331.016471,630.662855,0.662012
50,195.715149,377.685364,334.786041,298.690704,334.608037,298.328644,0.403452
51,195.715149,377.685364,334.786041,298.690704,334.608037,298.328644,0.403452
52,195.812531,344.192902,335.369354,254.252899,334.387049,253.069612,1.537886
53,196.139786,316.329193,334.593658,215.886185,334.472800,215.356436,0.543360
54,196.140076,371.588196,334.989746,290.261536,335.013370,290.128920,0.134704
55,197.610626,432.069183,339.547913,371.200653,337.205828,371.672106,2.389064
56,201.573212,1108.757080,347.928223,1257.032227,347.762451,1256.628476,0.436457
57,209.621750,399.089996,349.775543,328.551819,349.938262,328.060044,0.517996
58,212.194382,553.077393,354.119598,533.138123,354.098195,533.249205,0.113125
59,212.324936,571.550476,353.797852,558.036560,354.402595,557.682155,0.700940
60,213.825958,407.074402,354.289154,339.109955,354.550055,339.002440,0.282186
61,214.757980,375.256042,355.883789,298.158081,355.271006,296.457698,1.807431
62,218.352936,359.904907,358.908142,275.741089,359.008725,276.160277,0.431087
63,232.274414,773.772095,747.432922,903.239441,377.239644,820.535934,379.319039
64,232.684616,516.600952,375.538879,484.935028,375.620382,484.955799,0.084107
65,237.870026,400.167664,380.140198,332.572754,380.181974,331.213207,1.360189
66,256.987000,507.244598,398.980347,474.218994,401.041217,472.803737,2.500027
67,256.996429,447.235535,399.369812,393.773651,400.628374,394.227678,1.337953
68,260.618256,1264.771240,927.830200,557.569946,409.879209,1434.098704,1018.123712
69,265.619843,1105.105591,413.863220,1235.228638,413.891854,1234.570591,0.658669
70,265.619843,1105.105591,413.863220,1235.228638,413.891854,1234.570591,0.658669
71,266.127930,467.176880,408.348816,419.281891,410.246933,420.619325,2.321978
72,266.527191,602.445923,410.930450,596.017944,411.555711,596.380339,0.722690
73,266.527191,602.445923,410.930450,596.017944,411.555711,596.380339,0.722690
74,271.111176,388.941223,415.565277,316.502258,414.884957,318.464229,2.076575
75,297.090820,423.801575,441.436401,363.792725,441.681793,365.324625,1.551430
76,300.512054,442.129120,444.996979,389.260559,445.240898,389.179257,0.257112
77,308.363647,355.161560,453.383392,276.769867,452.711020,277.062405,0.733256
78,322.678864,412.490570,467.546722,351.177185,467.316143,351.970715,0.826351
79,328.494537,361.321625,472.062317,284.858215,472.872907,286.549558,1.875552
80,334.455872,538.055176,478.833618,512.567017,479.487401,512.445701,0.664943
81,334.991180,586.306091,479.509552,573.216675,480.203973,573.482588,0.743592
82,336.213379,342.840057,479.796051,263.560547,480.441243,263.390105,0.667326
83,347.317017,764.230835,492.095154,795.916687,492.847192,795.422273,0.900003
84,355.105255,411.651367,495.824585,351.392609,499.205290,352.524915,3.565288
85,367.198547,478.963593,510.199615,438.049286,511.102136,438.022855,0.902907
86,381.705383,411.870270,524.590576,353.332886,524.824621,354.111397,0.812931
87,385.285522,457.350464,527.633362,413.259277,528.335562,411.326509,2.056375
88,385.285522,457.350464,527.633362,413.259277,528.335562,411.326509,2.056375
89,387.610413,491.064575,530.499512,453.791290,530.613483,453.522978,0.291515
90,391.205231,479.571136,533.373596,438.547028,533.992190,439.238915,0.928098
91,395.665222,468.949188,537.922974,425.221710,538.182729,426.085947,0.902429
92,395.665222,468.949188,537.922974,425.221710,538.182729,426.085947,0.902429
93,397.134918,427.872620,539.007751,374.541595,539.494646,374.866737,0.585477
94,399.102661,599.641846,541.071106,587.772278,541.641980,588.136763,0.677309
95,401.746307,442.959045,543.817200,396.083069,543.861831,393.867366,2.216152
96,406.191040,472.342010,548.329712,431.593353,548.075293,430.542944,1.080782
97,414.008331,467.112091,555.455872,425.796326,555.364585,424.233773,1.565217
98,422.974457,1117.250000,349.775543,328.551819,564.264321,1209.360064,906.547627
99,426.093567,444.828003,569.737122,401.883057,566.549722,397.008454,5.824197
100,429.881134,434.339203,570.227234,384.066284,570.037148,384.186679,0.225006
101,434.389099,939.346436,573.875183,996.707153,574.454054,996.128479,0.818508
102,446.239136,1176.060791,585.873718,1272.320923,585.145831,1272.503115,0.750342
103,456.520416,1166.702148,595.647400,1258.095093,594.249649,1258.939387,1.632955
104,460.975983,544.835388,597.845581,520.149475,598.361344,519.808298,0.618396
105,463.497803,432.008881,599.156616,381.783661,600.669405,382.587535,1.713110
106,466.448517,1135.975220,603.916199,1221.068970,602.996862,1220.735339,0.978003
107,467.085022,1101.879272,603.857422,1181.477295,603.571533,1180.921713,0.624823
108,467.702209,1108.372803,604.080994,1189.193359,604.110289,1188.338501,0.855361
109,471.813660,622.011047,607.429321,612.264343,608.017670,612.675899,0.718005
110,473.967560,561.563049,608.878357,539.187378,609.975383,539.865923,1.289918
111,476.134827,428.167603,612.207581,377.589905,612.006768,378.390914,0.825797
112,498.332703,1037.759521,631.059448,1100.218018,630.821392,1099.744314,0.530156
113,498.470093,1037.808228,631.059448,1100.218018,630.939759,1099.773083,0.460752
114,505.154480,536.357178,637.677368,510.834198,637.495235,509.275001,1.569799
115,510.736542,1186.374878,641.937805,1267.443115,641.213653,1267.773439,0.795933
116,513.028809,651.136475,648.069824,643.129150,644.135149,645.499480,4.593488
117,520.378296,422.607483,650.119629,371.628326,650.949120,373.424385,1.978354
118,524.338684,892.760681,653.296753,928.093323,653.357474,927.295045,0.800584
119,528.014343,1038.880615,658.032959,1095.553101,656.157687,1095.121421,1.924316
120,528.825317,474.445343,657.929260,434.136414,658.131364,435.586704,1.464304
121,529.788086,816.015747,657.976135,837.399231,658.165016,837.483328,0.206757
122,533.105408,925.096252,660.639465,963.711121,660.723389,963.377153,0.344351
123,536.244263,472.944092,664.485962,434.004181,664.504506,433.944451,0.062542
124,536.895569,524.330200,664.742249,494.627960,664.931149,494.871783,0.308436
125,541.324158,508.224884,676.764160,485.696930,668.753400,475.827450,12.711369
126,549.872620,611.546082,675.169861,598.304749,675.721326,597.326499,1.122980
127,550.168030,873.326843,675.158447,901.230286,675.219017,901.268945,0.071856
128,550.775269,516.606628,676.764160,485.696930,676.761288,485.760819,0.063954
129,555.336609,899.797668,678.897949,931.317993,679.462121,930.968951,0.663415
130,563.795166,438.159180,686.755920,397.442413,688.000491,393.490272,4.143474
131,578.964966,455.209381,700.786316,414.034576,700.644609,413.986169,0.149747
132,578.964966,455.209381,700.786316,414.034576,700.644609,413.986169,0.149747
133,579.385254,445.974304,594.930603,355.421906,701.029047,403.167605,116.346601
134,585.113953,440.043457,705.678467,395.601349,705.815404,396.390453,0.800897
135,590.936462,803.933105,709.074768,817.712097,709.190802,816.875648,0.844459
136,592.460693,852.790833,710.129639,872.219727,710.242483,872.355814,0.176786
137,592.460693,852.790833,710.129639,872.219727,710.242483,872.355814,0.176786
138,593.224426,900.036560,710.875305,926.038879,710.677417,925.883995,0.251294
139,593.786194,873.938232,710.129639,872.219727,711.238506,896.210885,24.016770
140,602.796875,1181.292847,717.652222,1238.325317,717.271156,1239.410312,1.149967
141,611.792297,546.978210,725.373718,520.676758,727.281778,520.945278,1.926862
142,613.041260,414.713867,729.614624,367.971619,728.903541,367.841927,0.722814
143,626.947693,529.769836,739.693542,501.753723,739.627856,501.052714,0.704080
144,628.168396,543.172302,740.901794,515.438110,740.544438,516.430038,1.054335
145,635.373840,643.971924,745.303955,631.969360,745.813297,631.354717,0.798258
146,635.373840,643.971924,745.303955,631.969360,745.813297,631.354717,0.798258
147,640.750488,559.788086,750.179443,533.930420,750.539191,535.306095,1.421936
148,640.750488,559.788086,750.179443,533.930420,750.539191,535.306095,1.421936
149,657.872803,609.662598,764.258301,592.278748,763.840314,591.588058,0.807320
150,665.237732,375.330811,415.565277,316.502258,771.002315,324.850892,355.535072
151,669.437561,454.336243,773.900757,416.692291,773.840829,415.260611,1.432934
152,676.650269,461.144012,782.779785,420.132965,779.452594,423.169705,4.504663
153,681.533386,1041.840942,780.520935,1069.138062,779.698731,1069.483149,0.891686
154,684.243652,473.964966,785.258545,436.638580,785.294394,437.853370,1.215318
155,696.604858,477.127258,796.106689,442.376556,794.850670,441.631763,1.460241
156,697.755554,449.791229,796.107849,412.782562,795.919466,410.823802,1.967798
157,698.458374,744.713806,794.635620,740.360840,794.519239,740.515586,0.193626
158,703.153381,623.241760,796.014343,605.452698,798.912851,605.316507,2.901706
159,704.116455,557.433899,799.898315,529.603699,800.091554,531.819945,2.224654
160,704.116455,557.433899,799.898315,529.603699,800.091554,531.819945,2.224654
161,708.388916,647.903320,802.690674,635.532166,802.745069,632.545428,2.987233
162,708.501892,648.476868,802.690674,635.532166,802.827278,633.177499,2.358626
163,712.882202,482.855164,806.799255,448.647888,807.307257,448.314137,0.607829
164,712.882202,482.855164,806.799255,448.647888,807.307257,448.314137,0.607829
165,713.819885,601.030212,807.275085,580.607849,807.201464,580.254293,0.361140
166,715.992432,658.377380,807.958252,645.348572,808.453533,643.815178,1.611397
167,718.031006,669.045288,809.949890,654.794861,809.923827,655.520733,0.726340
168,726.791748,1074.341797,814.733765,1096.105103,813.665689,1096.427462,1.115661
169,767.488525,1243.666992,841.850708,1266.729248,842.263644,1267.874892,1.217791
170,768.019714,407.068420,850.185425,365.762726,849.314145,365.368337,0.956385
171,783.278992,1237.997925,852.123230,1258.075439,853.666651,1258.262380,1.554701
172,783.278992,1237.997925,852.123230,1258.075439,853.666651,1258.262380,1.554701
173,790.005249,1178.777222,858.333374,1193.921021,858.958863,1194.747187,1.036237
174,809.737244,1192.123535,872.424561,1203.729370,872.853624,1204.511374,0.891978
175,811.892334,431.395355,879.187927,392.493073,881.098622,393.622789,2.219688
176,821.831909,570.030823,887.939697,541.928589,886.949924,544.000347,2.296048
177,827.254517,553.122437,891.647339,525.578491,890.962422,525.710491,0.697520
178,836.942139,1217.219849,852.123230,1258.075439,891.665192,1224.682155,51.755948
179,855.857666,404.367035,908.205627,369.146454,912.568076,365.827463,5.481483
180,865.547302,577.491394,917.153687,548.914978,917.602784,551.261801,2.389407
181,867.756531,564.211609,918.586914,536.450562,919.267041,537.105636,0.944296
182,867.756531,564.211609,918.586914,536.450562,919.267041,537.105636,0.944296
183,871.858521,478.043213,923.473145,445.308044,922.977992,445.282972,0.495787
184,874.103699,463.537018,925.183533,430.386658,924.680141,429.828933,0.751305
185,875.337891,1203.535645,917.945435,1201.070923,918.137240,1202.485381,1.427403
186,878.047363,451.324860,927.211487,417.645172,927.531660,416.870899,0.837860
187,880.675781,583.075134,927.830200,557.569946,927.990806,556.906817,0.682301
188,880.779480,516.490662,928.875732,486.327515,928.745509,486.304965,0.132161
