category,sequence,matches,mean_error,median_error,p90_error,p95_error,max_error,within_1_rate,within_3_rate,within_5_rate,within_10_rate,mean_confidence,median_confidence,high_confidence_count,high_confidence_failures
viewpoint,v_woman,16,3.6114535346089163,3.7619072889171274,5.706695758119002,6.097979044603175,6.286737164104253,0.0625,0.4375,0.6875,1.0,0.2609560787677765,0.25564080476760864,2,2
viewpoint,v_graffiti,224,2.5996369473871668,2.368278070747531,4.61104635170974,5.29901676100824,7.583955483941296,0.14285714285714285,0.6339285714285714,0.9419642857142857,1.0,0.2718251645565033,0.2508662939071655,63,23
viewpoint,v_wall,275,1.6730951979404827,1.4281392941547324,3.3063285523169,3.9962206027885814,6.648152113059168,0.32,0.88,0.9927272727272727,1.0,0.3047943115234375,0.2790824770927429,108,3
viewpoint,v_yard,422,1.8343820283078656,1.7422607085250297,3.10571081392678,3.43384726027477,4.559934688481896,0.22985781990521326,0.8791469194312796,1.0,1.0,0.3005411624908447,0.27038154006004333,163,16
viewpoint,v_london,202,2.4345528847720352,2.26887078898677,4.261371695408941,4.812147303441581,6.451320284270944,0.14356435643564355,0.7029702970297029,0.9603960396039604,1.0,0.29301905632019043,0.2724507451057434,69,18
illumination,i_ajuntament,949,0.5573457031646236,0.5509695543268087,0.8573535438519777,0.9362010219474057,1.3961084270779816,0.9715489989462592,1.0,1.0,1.0,0.32670503854751587,0.2927917540073395,454,0
illumination,i_bologna,185,0.5408441533795866,0.5231774908926661,0.856325170936495,0.9353904547391813,1.0702784000052448,0.9837837837837838,1.0,1.0,1.0,0.2808627486228943,0.2596363127231598,58,0
illumination,i_londonbridge,251,0.8264031562401052,0.8344081996903647,1.1885745447748324,1.3108672575018518,1.5275556538219672,0.7410358565737052,1.0,1.0,1.0,0.28282037377357483,0.2552092969417572,78,0
illumination,i_santuario,524,0.8802065631133423,0.8999596941011394,1.2578790276472833,1.3619684355576032,6.463986252998401,0.6412213740458015,0.9980916030534351,0.9980916030534351,1.0,0.2989223599433899,0.27540284395217896,196,0
illumination,i_school,1329,0.744319520906724,0.7377646074391742,1.1369642292537212,1.2382402539577784,1.8562578433225116,0.7968397291196389,1.0,1.0,1.0,0.328604519367218,0.2992904782295227,660,0
illumination,i_zion,1362,0.7269675746637447,0.7220995936357795,1.0752514207601453,1.1825169453983908,1.6503749386759115,0.8370044052863436,1.0,1.0,1.0,0.32193711400032043,0.3016318678855896,694,0
