category,sequence,match_index,error,confidence,x0,y0,x1,y1
viewpoint,v_graffiti,150,7.583955483941296,0.21383443474769592,160.0,296.0,191.75320434570312,352.1949768066406
viewpoint,v_graffiti,184,7.338295164274456,0.20462475717067719,216.0,344.0,248.7408905029297,383.3441467285156
viewpoint,v_graffiti,216,7.314063213096144,0.31100475788116455,256.0,400.0,296.1896667480469,423.9344787597656
viewpoint,v_graffiti,126,7.1544391866758605,0.20788651704788208,184.0,240.0,192.2387237548828,296.9226989746094
viewpoint,v_wall,121,6.648152113059168,0.2566717267036438,536.0,256.0,527.2594604492188,254.7777099609375
illumination,i_santuario,362,6.463986252998401,0.2443208247423172,360.0,144.0,360.4440612792969,150.44871520996094
viewpoint,v_london,60,6.451320284270944,0.27893853187561035,600.0,104.0,575.3983764648438,119.49073791503906
viewpoint,v_woman,5,6.286737164104253,0.24274329841136932,128.0,304.0,200.08587646484375,240.1917724609375
viewpoint,v_graffiti,213,6.258394372921678,0.26684245467185974,112.0,400.0,184.04232788085938,464.0229797363281
viewpoint,v_graffiti,16,6.144879336861073,0.21422143280506134,512.0,32.0,376.4797668457031,48.45382308959961
viewpoint,v_wall,225,6.115477531770844,0.26979807019233704,560.0,344.0,560.022705078125,351.42791748046875
viewpoint,v_woman,13,6.035059671436149,0.3321382403373718,152.0,416.0,215.8712921142578,311.9723815917969
viewpoint,v_graffiti,84,6.027927470957176,0.22951853275299072,264.0,168.0,232.81546020507812,216.94200134277344
viewpoint,v_london,68,5.887692856384603,0.23075050115585327,584.0,128.0,551.507080078125,151.9744873046875
viewpoint,v_graffiti,175,5.876256261508507,0.35825788974761963,216.0,336.0,248.1203155517578,376.1974182128906
viewpoint,v_graffiti,209,5.7756758457388395,0.2590853273868561,304.0,384.0,328.4079895019531,400.22344970703125
viewpoint,v_london,75,5.6955961926048895,0.3028530478477478,584.0,136.0,552.0385131835938,160.41433715820312
viewpoint,v_graffiti,112,5.6587761078397705,0.24055494368076324,416.0,216.0,360.6983947753906,225.6532745361328
viewpoint,v_graffiti,164,5.631993613626274,0.25087547302246094,224.0,320.0,248.97640991210938,360.6692199707031
viewpoint,v_london,21,5.590172059725805,0.2765505909919739,544.0,48.0,504.0946350097656,55.18988800048828
