match_index,x0,y0,x1,y1,confidence,geometric_error_px
0,24.0,16.0,24.290016,16.979616,0.21361285,1.0216443668959019
1,248.0,16.0,248.46696,16.092817,0.2136343,0.4760998883456573
2,256.0,16.0,256.39413,16.29009,0.32132778,0.4893818085672843
3,264.0,16.0,264.43652,16.088614,0.2583516,0.4454268353665969
4,272.0,16.0,272.73288,16.143532,0.22426349,0.7468024787015796
5,280.0,16.0,280.36688,16.512878,0.4547717,0.6305925082351358
6,288.0,16.0,288.26526,16.838175,0.5561471,0.8791468898693198
7,296.0,16.0,296.32324,16.900234,0.58694655,0.9565077976586079
8,304.0,16.0,304.38992,16.894974,0.54264736,0.976226429928912
9,312.0,16.0,312.3618,16.887417,0.51322436,0.9583306717657831
10,504.0,16.0,504.37897,17.00129,0.22751254,1.0706057168908003
11,264.0,24.0,264.22858,24.164637,0.390917,0.2816957641832165
12,280.0,24.0,280.57498,24.688005,0.29622316,0.8966356221127469
13,288.0,24.0,288.34857,24.783003,0.44593692,0.857085615550179
14,296.0,24.0,296.39713,24.745527,0.42870635,0.8447007553295088
15,304.0,24.0,304.1861,24.65654,0.5407669,0.6824049055070018
16,312.0,24.0,312.41318,24.452805,0.52357984,0.6129825551435744
17,320.0,24.0,320.01758,24.90363,0.26766437,0.9038002587297448
18,328.0,24.0,328.06827,24.757591,0.21531202,0.7606608928650647
19,344.0,24.0,344.21375,24.831146,0.2690558,0.858190566119924
20,496.0,24.0,496.08527,25.32079,0.20230296,1.3235387350678092
21,504.0,24.0,504.17828,25.200356,0.26000625,1.2135231652124496
22,512.0,24.0,512.1753,25.071331,0.20006932,1.0855771682575874
23,520.0,24.0,520.0979,24.744019,0.2406454,0.7504319397545683
24,528.0,24.0,528.1981,24.9041,0.30065018,0.9255534273213971
25,24.0,32.0,24.239946,33.33398,0.21327429,1.355388650355818
26,128.0,32.0,128.82515,32.492535,0.24380891,0.9609693679141667
27,136.0,32.0,136.7427,32.697063,0.286821,1.0185823943751402
28,256.0,32.0,256.62714,32.53111,0.26618114,0.8218129158767646
29,264.0,32.0,264.2728,32.615276,0.21009059,0.6730400970775702
30,272.0,32.0,272.51135,32.301815,0.3401271,0.5937791957669942
31,280.0,32.0,280.79968,32.537632,0.49717686,0.9636080340665573
32,288.0,32.0,288.6607,32.49808,0.46456122,0.8274156963226612
33,296.0,32.0,296.3927,32.757435,0.43936747,0.8531828571732256
34,304.0,32.0,304.1495,32.704117,0.35525793,0.7198141614394805
35,312.0,32.0,311.9953,32.680393,0.22410624,0.6804094500368055
36,320.0,32.0,320.07755,32.905556,0.31658307,0.908869860887428
37,328.0,32.0,327.86636,32.835537,0.22008951,0.8461564355975117
38,336.0,32.0,336.29257,32.71824,0.256026,0.7755420075591344
39,344.0,32.0,343.965,32.93838,0.22234939,0.9390338245340205
40,352.0,32.0,352.126,32.727276,0.3345893,0.7381110647316415
41,416.0,32.0,417.0123,32.566174,0.23525228,1.1598710772245295
42,432.0,32.0,432.79575,32.658543,0.20273142,1.032903604758798
43,496.0,32.0,496.124,33.24177,0.22625747,1.247946791389643
44,112.0,40.0,112.70745,40.74561,0.24545044,1.0278229090442677
45,128.0,40.0,128.53024,40.734344,0.37203702,0.9057700442114033
46,136.0,40.0,136.86682,40.622204,0.43294638,1.0670130033820235
47,144.0,40.0,144.47916,40.89168,0.39444202,1.012268318445636
48,264.0,40.0,264.14743,40.702362,0.3269662,0.7176685814594314
49,272.0,40.0,272.81064,40.651855,0.30773327,1.0402164258744147
50,280.0,40.0,280.21786,40.9584,0.47416192,0.9828515178689928
51,288.0,40.0,288.51773,40.85779,0.5213825,1.001924166723629
52,296.0,40.0,296.07828,40.52022,0.48686865,0.5260779491051405
53,304.0,40.0,304.05286,40.921528,0.2336996,0.9230424720807191
54,312.0,40.0,312.10077,40.686253,0.42590967,0.6936115791886152
55,320.0,40.0,320.46643,40.832344,0.24936995,0.9541248296550345
56,328.0,40.0,327.97086,40.45227,0.28812855,0.4532085631451488
57,352.0,40.0,352.25113,40.746082,0.2695937,0.7872132223008064
58,360.0,40.0,360.1904,40.28483,0.2195977,0.3426060995764912
59,368.0,40.0,368.55127,40.54005,0.30863208,0.7717205749198677
60,392.0,40.0,392.35358,40.476585,0.28603894,0.5934223511440693
61,416.0,40.0,416.3127,40.414608,0.29117846,0.5193164787682172
62,424.0,40.0,424.78702,40.61856,0.21365383,1.0010067456044454
63,496.0,40.0,496.46848,41.107224,0.22799909,1.2022533213145863
64,32.0,48.0,32.354893,49.14913,0.24630785,1.2026856141166167
65,40.0,48.0,40.46592,49.28123,0.2211681,1.3633171540512272
66,48.0,48.0,48.603146,49.23375,0.20666872,1.373288815395924
67,80.0,48.0,80.24274,48.899586,0.21972905,0.9317594306698823
68,88.0,48.0,88.37507,49.057446,0.23545475,1.1219926665738746
69,96.0,48.0,96.45426,48.925686,0.25694892,1.0311392329651414
70,112.0,48.0,112.71292,48.644672,0.3997012,0.9611758688508626
71,120.0,48.0,120.36605,48.65103,0.29022992,0.7468836161898187
72,128.0,48.0,128.58223,48.779263,0.40521684,0.9727494200524741
73,136.0,48.0,136.58391,48.81894,0.25279406,1.00578828544228
74,144.0,48.0,144.65453,49.13949,0.21323133,1.3140918424410255
75,272.0,48.0,272.806,48.879948,0.31923118,1.1932910352997665
76,280.0,48.0,280.2095,48.592476,0.4539169,0.6284260190305094
77,288.0,48.0,288.18225,48.57414,0.29909638,0.6023708143309495
78,296.0,48.0,296.18054,48.92826,0.3341092,0.9456550796895252
79,304.0,48.0,304.4836,48.846855,0.27518192,0.975214998438145
80,312.0,48.0,312.07468,48.460964,0.25569043,0.46697385155035376
81,328.0,48.0,328.14813,48.78063,0.20870212,0.794558732189412
82,376.0,48.0,376.4296,48.762947,0.21469596,0.8755803381941112
83,400.0,48.0,400.4082,48.687183,0.21863088,0.7992814205162473
84,408.0,48.0,408.5419,48.761425,0.29213575,0.9345717503052422
85,416.0,48.0,416.40146,48.582,0.4125196,0.7070318045534941
86,424.0,48.0,424.51776,48.313705,0.2933747,0.6053823565173683
87,432.0,48.0,432.78885,48.5374,0.27684307,0.9545053953246734
88,488.0,48.0,488.5673,49.12908,0.2899338,1.2635841553142422
89,496.0,48.0,496.61346,49.079353,0.22558369,1.2415080071637503
90,504.0,48.0,504.48892,49.135506,0.25911355,1.2362920283756929
91,104.0,56.0,104.77476,56.926624,0.20475087,1.2078417097562182
92,112.0,56.0,112.246864,57.07515,0.29270428,1.103126700323548
93,120.0,56.0,120.00843,56.67927,0.3018297,0.6793240115808631
94,136.0,56.0,136.48761,56.808563,0.20163308,0.9442128359610826
95,280.0,56.0,280.25443,56.81095,0.21187311,0.8499258836096806
96,288.0,56.0,288.363,57.03645,0.4340154,1.0981808646823137
97,296.0,56.0,296.46368,56.53107,0.34800777,0.7050099475394951
98,304.0,56.0,304.27728,56.543858,0.42777056,0.6104643849167444
99,312.0,56.0,311.90228,56.432957,0.3158584,0.44384700972929114
100,320.0,56.0,320.75717,56.401543,0.23893172,0.8570562345893785
101,328.0,56.0,328.4551,57.01962,0.24148111,1.1165781465330238
102,376.0,56.0,376.48834,56.592346,0.20822349,0.7676927757541541
103,400.0,56.0,400.21976,56.958794,0.21399115,0.9836556402578512
104,408.0,56.0,408.53513,56.907536,0.23582077,1.0535560399998039
105,416.0,56.0,416.52036,56.356342,0.26871854,0.6306737712304669
106,432.0,56.0,432.5049,56.408688,0.22491823,0.6495868058849074
107,448.0,56.0,448.3578,56.576546,0.2659737,0.6785405487563315
108,488.0,56.0,488.37302,56.796894,0.3540109,0.8798757680842889
109,496.0,56.0,496.7264,56.809933,0.45445082,1.087962477798772
110,504.0,56.0,504.5909,56.766808,0.28960675,0.9680757515024834
111,32.0,64.0,32.039856,64.62856,0.41906643,0.6298252541928238
112,40.0,64.0,40.156998,64.803734,0.20148593,0.818923887966324
113,48.0,64.0,48.42919,65.03487,0.23284158,1.1203364439160721
114,72.0,64.0,72.214714,64.664215,0.23366281,0.6980571655493282
115,96.0,64.0,96.315384,64.62089,0.31724972,0.6963968820894134
116,272.0,64.0,272.6084,65.03891,0.23258616,1.203944543669496
117,280.0,64.0,280.29175,64.72389,0.3333395,0.7804722015070179
118,288.0,64.0,288.38797,64.74864,0.3679053,0.843199557684341
119,296.0,64.0,296.64587,64.441605,0.3213367,0.782411585730385
120,304.0,64.0,304.06638,64.748505,0.32621247,0.7514419019244631
121,312.0,64.0,312.0863,64.908104,0.39790615,0.9121957583652811
122,320.0,64.0,320.48074,64.708336,0.32102555,0.85606888649102
123,328.0,64.0,328.26105,65.18303,0.24122563,1.2114882394456632
124,336.0,64.0,336.39578,64.72965,0.31405967,0.8300821621530193
125,408.0,64.0,408.24432,64.74909,0.27539632,0.7879296051202953
126,416.0,64.0,416.58984,64.55696,0.3422128,0.8112467388481434
127,496.0,64.0,496.35806,64.656815,0.39470822,0.7480737362924282
128,504.0,64.0,504.56586,64.55772,0.3731926,0.7945071543089894
129,512.0,64.0,512.4543,64.20836,0.25163886,0.4997878893663795
130,544.0,64.0,544.77985,64.36139,0.20645636,0.8595127732205458
131,552.0,64.0,552.3979,64.989075,0.21415207,1.0661068345773264
132,560.0,64.0,559.8374,64.83667,0.22091825,0.8523230349980644
133,96.0,72.0,96.47952,72.907776,0.29516116,1.02664456897675
134,104.0,72.0,104.24742,72.86649,0.20049076,0.9011258465610504
135,112.0,72.0,112.03212,72.6039,0.21006586,0.604750675420854
136,136.0,72.0,136.65172,72.906555,0.22058685,1.1165029423528599
137,248.0,72.0,249.10982,72.40311,0.2559115,1.1807581874482893
138,264.0,72.0,264.3919,72.7123,0.29891458,0.8129985766073974
139,272.0,72.0,272.66824,72.149254,0.23355061,0.684708670106013
140,280.0,72.0,280.609,72.58413,0.38115275,0.8438594571407986
141,288.0,72.0,288.25882,72.90828,0.20335235,0.9444358516656658
142,296.0,72.0,296.25745,72.488914,0.24169613,0.5525540426381256
143,336.0,72.0,336.47183,72.362976,0.2569308,0.5952959991093087
144,496.0,72.0,496.0349,72.500984,0.24982204,0.5021991795186731
145,504.0,72.0,504.14236,72.62454,0.26507512,0.640562765366593
146,536.0,72.0,536.20074,72.23495,0.20123088,0.3090284695287635
147,544.0,72.0,544.2562,72.33776,0.29402587,0.4239504611906651
148,552.0,72.0,552.3762,72.73656,0.30563933,0.827078135232086
149,560.0,72.0,559.8464,72.789246,0.22249483,0.8040580926782506
150,16.0,80.0,16.517866,80.28072,0.30253193,0.5890594682730138
151,24.0,80.0,24.548956,80.52058,0.26867774,0.7565397991258644
152,88.0,80.0,88.45605,80.70792,0.27640888,0.8420952143595193
153,96.0,80.0,96.583984,80.97656,0.4948938,1.1378541499904065
154,104.0,80.0,104.51346,80.77605,0.5227994,0.9305309985333483
155,112.0,80.0,112.14265,80.507996,0.308605,0.5276434797708646
156,240.0,80.0,241.08328,80.508896,0.21259017,1.1968608615585796
157,264.0,80.0,264.81354,80.39105,0.30295303,0.9026434966116298
158,280.0,80.0,280.33032,80.61435,0.36877102,0.6975227177171455
159,288.0,80.0,288.2831,80.73008,0.20659278,0.7830507384443104
160,408.0,80.0,408.22537,80.96559,0.23352991,0.9915439935241549
161,416.0,80.0,416.3743,80.84735,0.2937399,0.9263384410822295
162,424.0,80.0,424.54764,80.56426,0.22884613,0.7863201368725509
163,536.0,80.0,536.06866,80.636246,0.41599062,0.6399401896628323
164,544.0,80.0,543.92236,80.52322,0.40479463,0.5289448948686075
165,552.0,80.0,552.3218,80.48891,0.41228303,0.5852952904727903
166,560.0,80.0,560.09155,80.71828,0.5443391,0.7240881987950019
167,16.0,88.0,16.225948,88.53685,0.2168945,0.5824607676115277
168,88.0,88.0,88.4343,88.87695,0.33507058,0.9786041721106669
169,96.0,88.0,96.365616,88.625404,0.29290718,0.7244346463333546
170,104.0,88.0,104.15923,88.61534,0.3158496,0.6356099069569063
171,224.0,88.0,225.01297,88.48167,0.20961055,1.1216554022197476
172,232.0,88.0,232.59952,88.48686,0.21168819,0.7723059005840167
173,264.0,88.0,264.72467,88.44033,0.4480551,0.8479611767742615
174,272.0,88.0,272.55807,88.369095,0.39914137,0.6690879302548877
175,280.0,88.0,280.67172,88.80522,0.4483184,1.048614684134018
176,288.0,88.0,288.43326,88.58366,0.30173856,0.7268887349898732
177,296.0,88.0,296.31158,88.8548,0.28756702,0.9098150448706873
178,320.0,88.0,320.2883,88.96007,0.30768225,1.002420430421513
179,328.0,88.0,328.23175,88.98483,0.20077544,1.0117330978178884
180,384.0,88.0,384.60696,88.689026,0.23220746,0.9182385824190088
181,392.0,88.0,392.17758,89.15124,0.26217473,1.1648532287000046
182,400.0,88.0,400.00775,89.19418,0.25742584,1.194208506790791
183,408.0,88.0,408.40308,88.93653,0.45495513,1.019588563878594
184,416.0,88.0,416.4138,88.9918,0.39576614,1.0746555010815657
185,456.0,88.0,456.40317,88.165215,0.3046189,0.435706389582472
186,544.0,88.0,544.041,88.465965,0.24476708,0.4677669454638749
187,552.0,88.0,552.2788,88.370445,0.4021677,0.46364201306795294
188,560.0,88.0,560.3282,88.65975,0.48131365,0.7368708386058632
189,16.0,96.0,16.425531,96.5027,0.29552996,0.6586236114940971
190,24.0,96.0,24.139103,96.60725,0.28783473,0.6229749720125267
191,32.0,96.0,32.63767,97.096596,0.20000796,1.2685202109811278
192,40.0,96.0,40.697716,96.97088,0.25126556,1.1955804191972166
193,48.0,96.0,48.633423,96.94191,0.28760985,1.1350852661597717
194,80.0,96.0,80.88979,96.5459,0.20988692,1.0439048767120511
195,88.0,96.0,88.593094,96.94406,0.24517061,1.1149044982217124
196,104.0,96.0,104.19842,96.73257,0.25931206,0.7589622749232965
197,224.0,96.0,224.93762,96.49443,0.25069314,1.0599984469761203
198,232.0,96.0,232.72212,96.44302,0.37874326,0.8471897327199932
199,248.0,96.0,248.46103,96.51602,0.20017493,0.6919726958236203
200,256.0,96.0,256.25607,96.81101,0.29033706,0.8504788529310598
201,264.0,96.0,264.42386,96.704254,0.32302257,0.8219671874415619
202,272.0,96.0,272.56934,96.56646,0.21746469,0.8031313412728261
203,280.0,96.0,279.97522,96.22888,0.4114503,0.230219366634864
204,288.0,96.0,288.43503,96.6217,0.2366063,0.7587858265438941
205,312.0,96.0,312.1925,96.58857,0.30083475,0.619251445171403
206,320.0,96.0,320.39157,96.72838,0.33204988,0.8269599900582378
207,328.0,96.0,328.19217,96.90213,0.3372439,0.9223707298757547
208,384.0,96.0,384.72113,96.85664,0.20145185,1.119762207365007
209,392.0,96.0,392.4998,97.0469,0.31483173,1.1600782779067969
210,400.0,96.0,399.93893,97.13005,0.44114435,1.1316993897818135
211,408.0,96.0,408.2838,97.07819,0.65844727,1.114922269826886
212,416.0,96.0,416.31525,96.71795,0.50959355,0.7841116310735269
213,424.0,96.0,424.36542,96.671455,0.44333994,0.7644489955489041
214,432.0,96.0,432.14478,96.97393,0.29731908,0.9846320417759287
215,440.0,96.0,440.18307,96.80696,0.33160454,0.8274675760471982
216,448.0,96.0,447.93506,96.704765,0.28784004,0.7077510454055584
217,456.0,96.0,456.42917,96.84044,0.4251036,0.9436753798356239
218,464.0,96.0,464.72498,96.808914,0.2265992,1.0862466378334503
219,552.0,96.0,552.1786,96.42452,0.5270499,0.46055754418113704
220,560.0,96.0,560.2804,96.33507,0.6503189,0.4369119330449365
221,568.0,96.0,568.22095,96.83372,0.226873,0.8624977145057287
222,16.0,104.0,16.497877,104.62894,0.28843188,0.8021490417613606
223,24.0,104.0,24.596354,104.606895,0.30492255,0.8508581650995858
224,32.0,104.0,32.489582,104.27276,0.2143938,0.5604353537534673
225,40.0,104.0,40.842728,104.43332,0.30055648,0.9476050581091519
226,48.0,104.0,48.668488,104.65077,0.3582685,0.9329415427630141
227,72.0,104.0,72.5093,104.799194,0.22808336,0.9476804909051331
228,80.0,104.0,80.91292,104.510994,0.29086855,1.046199916444499
229,88.0,104.0,88.85496,104.69239,0.23110743,1.1001622555763615
230,184.0,104.0,184.6109,104.55174,0.362965,0.8231766088901552
231,192.0,104.0,193.14839,104.521324,0.27034813,1.261182947999787
232,224.0,104.0,224.78598,104.31803,0.2158957,0.8478849145230406
233,232.0,104.0,232.79619,104.452576,0.4718034,0.9158278469283009
234,240.0,104.0,240.76231,104.52545,0.36519185,0.9258627555123732
235,248.0,104.0,248.0968,104.691475,0.23004399,0.6982178297412636
236,256.0,104.0,256.245,104.57052,0.47288567,0.6208977041711914
237,264.0,104.0,264.42572,104.75868,0.36982864,0.869963481574642
238,272.0,104.0,272.3305,104.65294,0.30879155,0.7318216536316298
239,280.0,104.0,280.008,104.31982,0.42451236,0.319916521195415
240,288.0,104.0,288.09305,104.41647,0.22572136,0.4267411763420687
241,312.0,104.0,312.34793,104.28657,0.22274175,0.4507515465109358
242,320.0,104.0,320.31567,104.447426,0.48142955,0.5475763418078556
243,328.0,104.0,328.48926,104.81474,0.35759762,0.9503575282844707
244,352.0,104.0,352.3812,104.851074,0.22151516,0.9325432997788529
245,384.0,104.0,384.18768,105.11737,0.23233026,1.1330233969534764
246,392.0,104.0,391.9375,105.09061,0.43483147,1.0923960825084942
247,400.0,104.0,400.1617,104.58626,0.44438148,0.6081524034973711
248,408.0,104.0,408.0689,104.70153,0.59290904,0.7049066528333435
249,416.0,104.0,416.36224,104.79036,0.58563524,0.869418540331742
250,424.0,104.0,424.14688,104.82023,0.47057047,0.8332760506218294
251,432.0,104.0,432.53342,104.37629,0.35533854,0.6527841261265034
252,440.0,104.0,440.38657,104.50944,0.42244798,0.6394998250831818
253,448.0,104.0,448.33768,104.75433,0.21431917,0.8264652327696975
254,456.0,104.0,456.92017,104.768234,0.35442415,1.1987032008323089
255,480.0,104.0,480.51532,104.466354,0.21275373,0.6950114529705551
256,520.0,104.0,520.39874,104.22941,0.20911229,0.4600259483487503
257,552.0,104.0,552.2808,104.224266,0.29757887,0.3593837521390441
258,560.0,104.0,560.47955,104.35059,0.28069526,0.5940430476891595
259,568.0,104.0,568.3165,104.37836,0.2735784,0.4932992466630351
260,592.0,104.0,592.4947,105.045265,0.2019705,1.1564157867151554
261,56.0,112.0,56.48208,112.06011,0.24256179,0.48581188027979166
262,72.0,112.0,72.786156,112.917404,0.29329658,1.208168533635263
263,80.0,112.0,80.22936,112.58284,0.26905483,0.6263462114230458
264,96.0,112.0,96.26031,112.70672,0.30766734,0.753134023226629
265,104.0,112.0,104.332115,112.67534,0.27456656,0.7525841541110283
266,112.0,112.0,112.27058,112.81084,0.26991114,0.8547911634904715
267,176.0,112.0,176.57317,112.36447,0.29573083,0.6792338101596116
268,184.0,112.0,183.97565,112.25838,0.3325909,0.2595222204885154
269,192.0,112.0,192.83879,112.34299,0.20026395,0.9062065365096728
270,224.0,112.0,224.80666,112.402084,0.2099903,0.9013132307015296
271,232.0,112.0,233.13124,112.663826,0.38924837,1.3116290604220053
272,240.0,112.0,241.13164,112.37379,0.48606923,1.191771900752611
273,248.0,112.0,248.91138,112.290565,0.42143896,0.9565752741349248
274,256.0,112.0,256.60303,112.1995,0.27785993,0.635171347994163
275,280.0,112.0,280.49518,112.63012,0.2316178,0.8014061606523536
276,288.0,112.0,288.2544,112.727844,0.22397716,0.7710212790378228
277,312.0,112.0,312.7672,112.162346,0.32559094,0.7842004258194465
278,320.0,112.0,320.5446,112.226006,0.5980205,0.5896207423105227
279,328.0,112.0,328.39023,112.33585,0.52122134,0.514855056128521
280,336.0,112.0,336.60922,112.6169,0.279908,0.8670147492039832
281,352.0,112.0,352.4597,112.43476,0.23949051,0.6327152943293072
282,360.0,112.0,360.56186,112.44454,0.36259776,0.7164518207686456
283,384.0,112.0,384.11554,112.76792,0.21698718,0.7765647028517253
284,392.0,112.0,392.16742,112.52651,0.4258666,0.5524891914112565
285,400.0,112.0,400.26874,113.05034,0.33472076,1.0841731784470887
286,408.0,112.0,408.26608,112.93741,0.5119719,0.9744406775828958
287,416.0,112.0,416.7023,112.73843,0.58781147,1.0190681997092441
288,424.0,112.0,424.59717,112.73996,0.46754533,0.950868006288524
289,432.0,112.0,432.611,112.64721,0.46700868,0.890051379411821
290,440.0,112.0,440.9098,112.76361,0.37509915,1.1877792008215258
291,448.0,112.0,448.6624,112.6579,0.2866791,0.9336073846499727
292,456.0,112.0,456.75763,112.51587,0.28863275,0.9165823856626116
293,480.0,112.0,480.56244,112.567345,0.32930022,0.7988851974325489
294,488.0,112.0,488.58185,112.387924,0.21135132,0.6993085469559518
295,520.0,112.0,521.02234,111.53113,0.29442897,1.1247300910357785
296,560.0,112.0,560.45953,112.25512,0.5122517,0.5256016389606737
297,568.0,112.0,568.2944,112.23364,0.6374169,0.37582450367948006
298,576.0,112.0,576.2677,112.55821,0.24834444,0.6190834712851098
299,80.0,120.0,80.54061,120.388885,0.31023413,0.665952305120759
300,96.0,120.0,96.29506,120.74027,0.21748565,0.7969086150323664
301,144.0,120.0,144.53708,121.252495,0.21246788,1.3627901354228602
302,152.0,120.0,152.46918,120.61474,0.3423548,0.7733244259754344
303,160.0,120.0,160.5258,120.513954,0.28078294,0.7352668007994728
304,232.0,120.0,233.1359,120.63028,0.23744549,1.2990416623736845
305,240.0,120.0,240.83841,120.36235,0.24692057,0.913360947615221
306,248.0,120.0,249.10043,120.49918,0.28114933,1.2083616503916264
307,256.0,120.0,256.32358,120.00863,0.26735342,0.3236929130382462
308,264.0,120.0,264.35193,120.22844,0.364861,0.41956923809407615
309,288.0,120.0,288.78687,120.63343,0.22622801,1.0101440844124563
310,304.0,120.0,304.51553,120.53977,0.21129279,0.74641046589992
311,312.0,120.0,312.8594,120.40717,0.35396284,0.9509825567337931
312,320.0,120.0,320.64816,120.073616,0.38502303,0.652329969447953
313,328.0,120.0,328.70465,120.1729,0.4520149,0.7255524453343849
314,336.0,120.0,336.08408,120.53641,0.49907216,0.5429564773078223
315,344.0,120.0,344.3798,120.88706,0.46191096,0.9649458647576127
316,352.0,120.0,352.3035,120.48439,0.4522055,0.5716157299182677
317,360.0,120.0,360.56952,120.56713,0.4372864,0.8037347570243707
318,368.0,120.0,368.05417,120.50293,0.20338616,0.5058384314734257
319,376.0,120.0,376.0977,120.333626,0.2793416,0.3476332472875635
320,384.0,120.0,384.39594,120.597885,0.40261427,0.7170991573653622
321,392.0,120.0,392.3226,120.81951,0.35709164,0.8807216175305458
322,400.0,120.0,400.46182,121.11975,0.38367784,1.2112482322129074
323,408.0,120.0,408.34033,121.08098,0.44381198,1.1332873328625992
324,416.0,120.0,416.44275,120.886635,0.60092103,0.991033810523912
325,424.0,120.0,425.0596,120.66411,0.341393,1.2505173816631452
326,432.0,120.0,432.71634,120.71842,0.2660663,1.0145303349801178
327,440.0,120.0,440.40704,120.739494,0.41500455,0.844118611772975
328,448.0,120.0,448.5925,120.64471,0.2733876,0.8756149645327133
329,480.0,120.0,480.4974,120.9154,0.20454593,1.0418088027005696
330,488.0,120.0,488.96417,120.82886,0.20408474,1.2714688245932821
331,544.0,120.0,544.97125,120.40849,0.25593483,1.0536592761863923
332,552.0,120.0,552.57336,119.83723,0.43305382,0.5960215304362054
333,560.0,120.0,560.29224,120.1266,0.6091724,0.3184810538269421
334,568.0,120.0,568.8578,120.33289,0.47784713,0.9201186864853752
335,616.0,120.0,616.13416,120.52853,0.31640303,0.5452867994790735
336,80.0,128.0,80.19527,128.72034,0.30886447,0.7463339487919457
337,136.0,128.0,136.56104,128.5368,0.35765466,0.7764787149995455
338,144.0,128.0,144.45093,128.85356,0.36018935,0.9653511731657488
339,152.0,128.0,152.31842,128.81902,0.45609757,0.8787365655549128
340,160.0,128.0,160.12187,128.64127,0.29560336,0.6527439671824073
341,176.0,128.0,176.35806,128.46025,0.20555615,0.5831292976710255
342,208.0,128.0,208.31668,128.76099,0.22077711,0.8242493489312116
343,224.0,128.0,225.22496,128.30702,0.20616809,1.2628500978888562
344,256.0,128.0,256.30368,128.634,0.2740626,0.7029802292558276
345,264.0,128.0,264.3237,128.72578,0.32297054,0.7946977482456772
346,272.0,128.0,272.45978,128.63716,0.23011404,0.7857290369785227
347,280.0,128.0,280.498,128.27594,0.27861845,0.5693265740751697
348,288.0,128.0,288.21887,128.57121,0.29947305,0.6117099068372123
349,296.0,128.0,296.72244,128.59265,0.20268005,0.9344297685049129
350,304.0,128.0,304.29352,128.66837,0.30379942,0.7299762106933925
351,312.0,128.0,312.57565,128.63525,0.32876238,0.8572770786111258
352,320.0,128.0,320.44156,128.39272,0.40381932,0.5909311594505029
353,328.0,128.0,328.36127,128.19748,0.26019764,0.4117183061430853
354,336.0,128.0,336.76358,128.68372,0.40952888,1.024949867796894
355,344.0,128.0,344.10605,128.72256,0.3357132,0.7303054456182395
356,352.0,128.0,352.58307,128.60396,0.4797644,0.8394847847094856
357,360.0,128.0,360.8338,128.85158,0.3348069,1.1918092281636885
358,368.0,128.0,368.84424,128.65855,0.45159614,1.0707155308749305
359,376.0,128.0,376.57935,128.50273,0.3618866,0.7670594677717246
360,384.0,128.0,384.89877,128.36893,0.38534838,0.9715453596572471
361,392.0,128.0,392.7522,128.66858,0.37297168,1.006379024751533
362,400.0,128.0,400.77704,129.09915,0.6344764,1.3460769704995035
363,408.0,128.0,408.64288,129.34354,0.29829824,1.4894257063109004
364,416.0,128.0,416.80106,128.8267,0.33261213,1.1511443293920998
365,432.0,128.0,432.69852,129.34119,0.23924133,1.5121861903817966
366,440.0,128.0,440.88086,129.2482,0.3375858,1.527715659959613
367,488.0,128.0,488.59003,128.88911,0.29159087,1.0670782870477402
368,552.0,128.0,552.3614,128.27261,0.2802123,0.4526811894748275
369,560.0,128.0,560.26807,128.47218,0.23453848,0.542970163571624
370,568.0,128.0,568.6904,128.43799,0.3116326,0.8176349355878066
371,608.0,128.0,608.34155,128.08377,0.20294528,0.35167571602519176
372,616.0,128.0,616.31256,128.24841,0.2782398,0.39925363112054263
373,136.0,136.0,136.3062,136.43947,0.38579643,0.5356209005569801
374,144.0,136.0,144.41376,136.43015,0.42832425,0.5968417472027293
375,152.0,136.0,152.2472,136.76312,0.52483815,0.8021596559009889
376,160.0,136.0,159.97203,136.60391,0.28239462,0.6045596875803553
377,168.0,136.0,168.00563,136.82733,0.35220224,0.8273507022081525
378,264.0,136.0,264.392,136.28009,0.2921995,0.4817813344833385
379,272.0,136.0,272.44504,136.595,0.31245324,0.7430243153958215
380,280.0,136.0,280.71582,136.3793,0.3673069,0.8101046039237293
381,288.0,136.0,288.3883,136.42822,0.32112542,0.578062221623957
382,336.0,136.0,336.44745,136.72646,0.30563998,0.853198824259652
383,344.0,136.0,344.22424,136.45993,0.2192514,0.5116844611655444
384,368.0,136.0,368.6952,136.7642,0.260443,1.0331023380945357
385,376.0,136.0,376.6131,136.74904,0.32267243,0.9679608997093219
386,384.0,136.0,384.44196,136.7425,0.26299584,0.8640718119845535
387,392.0,136.0,392.5205,136.92093,0.3343716,1.057846171791921
388,400.0,136.0,400.64447,136.90544,0.479842,1.111380122603293
389,416.0,136.0,416.35327,136.91446,0.2189986,0.9803246514751671
390,600.0,136.0,600.284,136.2183,0.2368588,0.3582069527937354
391,608.0,136.0,608.26495,136.0837,0.5469067,0.27785820033249276
392,616.0,136.0,616.2749,136.26595,0.58091354,0.382489572103653
393,112.0,144.0,112.24115,144.93639,0.30129433,0.9669396151787197
394,120.0,144.0,120.22078,144.60753,0.23799497,0.6464013124822094
395,128.0,144.0,128.18983,144.738,0.31770328,0.7620307755534795
396,136.0,144.0,136.5448,144.06851,0.20572475,0.5490908087435671
397,144.0,144.0,144.3826,144.40433,0.2619572,0.556652980801161
398,152.0,144.0,152.2077,144.45317,0.3936638,0.49850189353016555
399,160.0,144.0,160.4527,144.56856,0.28339124,0.7267689861721662
400,168.0,144.0,167.9462,144.36348,0.3474235,0.3674399786855374
401,176.0,144.0,175.85664,144.37859,0.25242436,0.40481879286673433
402,184.0,144.0,184.23601,144.26202,0.21027794,0.3526416986457688
403,192.0,144.0,191.96426,144.12645,0.24710666,0.13140230300619413
404,256.0,144.0,256.60913,144.69891,0.20300806,0.9271033319270049
405,264.0,144.0,263.93927,144.82767,0.26115316,0.829892272899785
406,272.0,144.0,272.3043,144.478,0.20836608,0.5666337789445153
407,280.0,144.0,280.52567,144.40286,0.29578796,0.6622856054704156
408,288.0,144.0,288.5242,144.65498,0.21353486,0.8389216369004064
409,296.0,144.0,297.23532,144.58586,0.27170748,1.3672057039036687
410,312.0,144.0,312.4185,144.84018,0.28996158,0.9386337547562635
411,320.0,144.0,320.515,144.59775,0.2845655,0.789013639792732
412,328.0,144.0,328.39236,144.68137,0.23876967,0.7862629859671406
413,336.0,144.0,336.01956,144.50279,0.35649875,0.5031727520590155
414,344.0,144.0,344.35706,144.471,0.21336764,0.5910356950677068
415,376.0,144.0,376.4518,144.60338,0.28941083,0.7537905038730485
416,384.0,144.0,384.2232,144.53078,0.4786103,0.5757993789161615
417,392.0,144.0,392.97372,144.4892,0.36473942,1.0897029991766551
418,400.0,144.0,400.32236,144.79555,0.39127326,0.8583763460662613
419,408.0,144.0,408.1733,144.85236,0.38445097,0.8697969878223352
420,416.0,144.0,416.47018,144.93999,0.2081773,1.0510229322247435
421,440.0,144.0,440.67245,144.87848,0.24332745,1.1063095697195566
422,600.0,144.0,600.25183,144.6866,0.30492577,0.731326241376442
423,608.0,144.0,608.39667,144.78357,0.45310134,0.8782516691034301
424,616.0,144.0,615.9482,144.39766,0.6523002,0.4010213376454333
425,88.0,152.0,87.99253,152.7392,0.38995522,0.7392345123464671
426,112.0,152.0,112.497696,152.65364,0.25856447,0.821551859503528
427,120.0,152.0,119.88529,152.94774,0.36498073,0.9546551507979
428,128.0,152.0,128.46243,152.85936,0.36781842,0.9758807898766356
429,136.0,152.0,136.24472,152.4442,0.29263964,0.507149392929373
430,144.0,152.0,144.53625,152.75923,0.51725245,0.9295170101998189
431,152.0,152.0,153.04173,152.54324,0.3246483,1.1748704619358885
432,184.0,152.0,184.13866,152.80864,0.24038531,0.8204410648074708
433,200.0,152.0,200.02118,152.65283,0.33124945,0.6531754890575339
434,208.0,152.0,208.41519,152.26462,0.23641361,0.49234820005547986
435,216.0,152.0,216.84348,152.35127,0.24036863,0.9136974771730169
436,248.0,152.0,248.62654,152.38275,0.2525638,0.734201934800347
437,280.0,152.0,280.47852,152.34921,0.38990018,0.5923906446203904
438,288.0,152.0,288.47595,152.77394,0.3474952,0.9085786598082841
439,296.0,152.0,296.08624,152.97403,0.2583019,0.9778401433245717
440,320.0,152.0,320.2758,152.56764,0.22574726,0.6310913920390943
441,328.0,152.0,328.19373,152.37389,0.2873067,0.42109431805731584
442,336.0,152.0,336.27637,152.67561,0.5172282,0.7299536239191606
443,344.0,152.0,344.24374,152.68208,0.21467786,0.7243262270166112
444,368.0,152.0,368.8351,152.66261,0.24583296,1.0660536925816269
445,384.0,152.0,384.66196,152.70601,0.2892063,0.9677992408547891
446,392.0,152.0,392.7129,152.41766,0.26342803,0.8262299343657744
447,400.0,152.0,400.4944,152.58815,0.355013,0.7683337475995367
448,408.0,152.0,408.91687,152.93895,0.24117227,1.3123555672491114
449,416.0,152.0,416.59946,152.82016,0.25347835,1.0158792846803957
450,448.0,152.0,448.76733,152.46349,0.24370417,0.8964488017487509
451,480.0,152.0,480.01614,152.3611,0.39945287,0.361459936444223
452,496.0,152.0,496.1227,152.82625,0.27712515,0.8353107630008847
453,560.0,152.0,560.33484,152.08891,0.29372996,0.3464427544675398
454,568.0,152.0,568.6619,152.37038,0.2584561,0.7585019462266838
455,592.0,152.0,592.36224,152.41174,0.26130134,0.5484094244408446
456,600.0,152.0,600.37396,152.6154,0.41410562,0.7201164994742197
457,608.0,152.0,608.5279,152.69014,0.59187466,0.8688866395545334
458,616.0,152.0,616.11365,152.28258,0.54134065,0.30457478090352214
459,72.0,160.0,72.624664,160.13603,0.3239498,0.6393044888340659
460,80.0,160.0,80.3719,160.56221,0.39274585,0.6740857671831383
461,88.0,160.0,88.41926,160.9157,0.44677752,1.0071122335733496
462,96.0,160.0,95.68724,160.89487,0.22805877,0.9479479354053133
463,104.0,160.0,104.47643,160.60178,0.21640074,0.7675432987554041
464,112.0,160.0,112.43948,160.37741,0.26127666,0.5792968591161457
465,120.0,160.0,120.29895,161.09128,0.3769724,1.1314853330073573
466,128.0,160.0,128.4554,161.04153,0.3644878,1.13674174906955
467,144.0,160.0,144.80484,160.90056,0.21886957,1.2077968074100227
468,152.0,160.0,152.55833,160.39851,0.22366174,0.6859668293794589
469,200.0,160.0,200.36559,160.5943,0.3094653,0.6977422940507234
470,208.0,160.0,208.40575,160.12117,0.2822448,0.4234529127548205
471,216.0,160.0,217.35664,160.3751,0.22084463,1.407546512815202
472,224.0,160.0,224.81676,160.23915,0.27000377,0.8510496627867468
473,232.0,160.0,232.66881,160.5637,0.27270216,0.8746816258682135
474,248.0,160.0,248.5916,160.4778,0.451281,0.7604473473685196
475,272.0,160.0,272.6963,160.64656,0.20805395,0.9501890112941419
476,280.0,160.0,280.96945,160.30046,0.35926086,1.0149451691364957
477,288.0,160.0,288.32114,160.80446,0.2545178,0.866188376545755
478,320.0,160.0,320.1607,160.87321,0.4419791,0.8878796254178196
479,328.0,160.0,328.14,160.62338,0.3689694,0.6389130835343784
480,336.0,160.0,336.34412,160.64272,0.47487557,0.7290398628133853
481,344.0,160.0,344.47913,160.63913,0.4308501,0.7987793164859809
482,368.0,160.0,368.79828,160.84196,0.20821303,1.1602386171831252
483,376.0,160.0,376.50266,160.5421,0.31789285,0.7392789752317154
484,384.0,160.0,384.75912,160.88112,0.23229147,1.1630308205647413
485,392.0,160.0,392.65793,160.44481,0.2371179,0.7941818924422903
486,464.0,160.0,464.11096,160.63214,0.28059462,0.6418059936405017
487,472.0,160.0,472.42035,160.41684,0.26695016,0.5919870230053967
488,480.0,160.0,480.40033,160.53995,0.24795222,0.6721659719195586
489,488.0,160.0,488.3924,160.64449,0.27448097,0.7545431578621866
490,496.0,160.0,496.016,160.728,0.37071124,0.7281724368194465
491,504.0,160.0,504.26486,160.74934,0.2390341,0.7947755341770816
492,592.0,160.0,591.99567,160.35838,0.38209426,0.35840937762752567
493,600.0,160.0,599.9331,160.30505,0.23794812,0.3123021691693752
494,608.0,160.0,608.3591,160.2287,0.23921788,0.42571615893985276
495,64.0,168.0,64.37502,168.33781,0.22799842,0.5047382380278814
496,72.0,168.0,72.22688,168.43279,0.24344887,0.48864992766718995
497,80.0,168.0,80.1811,168.54962,0.30981857,0.5786887840411437
498,88.0,168.0,88.15321,168.21419,0.35749346,0.263345237909536
499,96.0,168.0,96.35796,168.39682,0.4066508,0.5344193843610622
500,112.0,168.0,112.196396,169.03484,0.21355666,1.0533074120262593
501,120.0,168.0,120.217026,169.1637,0.36852902,1.1837606313389735
502,128.0,168.0,128.47485,168.85678,0.45341328,0.9795711068129891
503,136.0,168.0,136.69545,168.71713,0.26416633,0.9989642563170646
504,216.0,168.0,216.67336,167.7607,0.2960943,0.7146140928921758
505,264.0,168.0,264.1971,168.4767,0.31232876,0.5158452059134996
506,272.0,168.0,272.12747,168.22986,0.31612003,0.2628383052309838
507,280.0,168.0,279.98694,168.42088,0.37071368,0.42108580303345694
508,344.0,168.0,344.3438,168.84071,0.24161913,0.9082979789801807
509,368.0,168.0,368.4962,168.86166,0.20166379,0.9943160415679018
510,408.0,168.0,408.4436,168.51665,0.25353453,0.6809614907125117
511,456.0,168.0,456.31686,168.65364,0.20079315,0.7263945411351096
512,464.0,168.0,464.07544,168.3181,0.2771302,0.3269230881347677
513,472.0,168.0,472.03436,168.27155,0.31818637,0.2737109996283292
514,480.0,168.0,480.46042,168.6955,0.37122414,0.8340860372977955
515,488.0,168.0,488.1991,168.52344,0.25728184,0.5600234854618482
516,496.0,168.0,496.28958,168.65233,0.2928408,0.7137154818809257
517,504.0,168.0,504.62158,168.74258,0.20922457,0.9683984500261357
518,568.0,168.0,568.19635,168.68596,0.22968425,0.7135074783237805
519,32.0,176.0,32.397083,176.58119,0.2971208,0.7038886938849772
520,40.0,176.0,40.584198,176.1092,0.20149411,0.5943176787361308
521,56.0,176.0,56.256622,176.46094,0.2310976,0.5275588983057045
522,72.0,176.0,72.09365,176.21149,0.25465828,0.23129450750412486
523,80.0,176.0,80.157646,176.35246,0.2734678,0.3861117986197099
524,88.0,176.0,88.130875,176.67851,0.34077546,0.6910191616859521
525,96.0,176.0,96.37783,176.55273,0.37610316,0.6695305669613724
526,104.0,176.0,104.2907,176.52225,0.21160287,0.597704263751944
527,112.0,176.0,112.136635,176.8535,0.32245323,0.8643679488381412
528,120.0,176.0,120.158,177.00865,0.30823347,1.020951229394314
529,128.0,176.0,129.21333,176.81935,0.32840264,1.4640743379116854
530,208.0,176.0,208.48238,176.55225,0.26711318,0.7332546955828831
531,256.0,176.0,256.51968,176.77663,0.27674568,0.934462490882601
532,264.0,176.0,264.28806,176.59222,0.31054825,0.6585630831982858
533,272.0,176.0,272.14035,176.63591,0.3378037,0.6512140892309617
534,280.0,176.0,280.13345,176.80315,0.43952593,0.8141583881642664
535,344.0,176.0,344.20578,177.0647,0.41697612,1.08440107335191
536,352.0,176.0,352.4352,177.10057,0.24970514,1.183496764449858
537,376.0,176.0,376.60605,176.6765,0.25540686,0.9082648231970991
538,408.0,176.0,408.2315,176.60072,0.2828026,0.643788499463596
539,464.0,176.0,464.44305,176.53745,0.5765258,0.696522953641286
540,472.0,176.0,472.11282,176.79167,0.40893972,0.7996707469039972
541,480.0,176.0,480.07953,176.79625,0.22498554,0.8002111733235487
542,488.0,176.0,488.25525,176.92857,0.41864377,0.96301661988768
543,496.0,176.0,496.46457,176.64696,0.25871232,0.7964786972558668
544,24.0,184.0,24.55688,184.5308,0.23537403,0.7693328215920342
545,32.0,184.0,32.74053,184.0447,0.2684634,0.7418755558953463
546,72.0,184.0,72.5896,184.30666,0.24870218,0.6645792130646305
547,80.0,184.0,80.52065,184.30296,0.39214593,0.6023836343548429
548,88.0,184.0,88.22444,184.66956,0.3175045,0.706171924472315
549,96.0,184.0,95.9571,184.45584,0.39222306,0.45785531925850587
550,104.0,184.0,104.09807,184.57831,0.24561329,0.5865642710043831
551,112.0,184.0,112.06479,184.68178,0.285369,0.6848494503781954
552,120.0,184.0,120.46027,185.0526,0.27849814,1.1488309097647438
553,128.0,184.0,129.04236,184.78049,0.26009926,1.302179358795973
554,272.0,184.0,272.26825,184.92374,0.23312196,0.9618976325360168
555,280.0,184.0,280.24814,184.844,0.30842465,0.8797151747740969
556,288.0,184.0,287.94937,184.99908,0.2755269,1.0003664553201503
557,336.0,184.0,336.3602,184.71107,0.22876996,0.7971014451695979
558,344.0,184.0,344.78827,184.9327,0.22225982,1.2211818924441382
559,352.0,184.0,352.77853,184.87122,0.29058543,1.1683886743549374
560,360.0,184.0,360.50568,184.88855,0.27482915,1.0223645362478277
561,408.0,184.0,408.43948,184.70595,0.3195695,0.831569765978512
562,456.0,184.0,456.49878,184.63567,0.2512068,0.8079925217598234
563,464.0,184.0,464.50766,185.05734,0.2439574,1.1728988919010928
564,472.0,184.0,472.48743,184.65337,0.28004712,0.8151515750541191
565,480.0,184.0,480.58365,184.8413,0.42180854,1.0239239517808614
566,488.0,184.0,488.31976,184.88213,0.43990073,0.9382934065342153
567,496.0,184.0,496.36758,184.73038,0.51941234,0.8176606969513802
568,504.0,184.0,504.4682,184.63046,0.31228054,0.7852993242896219
569,560.0,184.0,560.2778,184.91061,0.20462213,0.9520370833988117
570,584.0,184.0,584.073,184.70377,0.23707433,0.7075415983635337
571,16.0,192.0,16.518936,192.34167,0.20476495,0.6213182819097736
572,64.0,192.0,64.54229,192.35037,0.21395645,0.6456306329583252
573,112.0,192.0,112.56647,192.4111,0.283332,0.6999216256427033
574,120.0,192.0,120.36984,193.06241,0.20703511,1.1249423119867374
575,272.0,192.0,271.86337,192.82234,0.22777037,0.8336145528284153
576,280.0,192.0,280.1722,192.87311,0.30597332,0.8899291801512809
577,304.0,192.0,304.73495,192.9867,0.22518033,1.2303350440299359
578,320.0,192.0,320.0205,192.7994,0.22969194,0.799655713103513
579,328.0,192.0,327.98285,192.70251,0.57114774,0.7027239742007676
580,336.0,192.0,336.13504,192.55873,0.31393832,0.5748184903441926
581,448.0,192.0,448.41794,192.75087,0.24340649,0.8593472808193008
582,456.0,192.0,456.49527,192.59563,0.21869683,0.7746376393435381
583,472.0,192.0,472.28375,192.84044,0.28211397,0.8870472909864289
584,480.0,192.0,480.51212,192.58585,0.2292914,0.7781244998474506
585,488.0,192.0,488.35822,192.71753,0.30345485,0.8019766305673692
586,496.0,192.0,496.36603,192.56517,0.32386732,0.6733452519745264
587,536.0,192.0,536.4321,193.38165,0.22452435,1.447653252639179
588,584.0,192.0,583.7339,192.76521,0.3760678,0.8101649420061807
589,592.0,192.0,592.19653,192.76909,0.25933176,0.7938027448910105
590,600.0,192.0,600.4581,192.51367,0.54358906,0.6882890270023274
591,24.0,200.0,24.38517,200.6663,0.27716044,0.7696226289711814
592,56.0,200.0,56.33845,200.60251,0.2658374,0.6910614206055946
593,104.0,200.0,104.80356,200.549,0.20239851,0.9731919636677374
594,248.0,200.0,248.35246,200.13213,0.21931607,0.37641366160452505
595,264.0,200.0,264.19803,200.52832,0.39227247,0.5642142012919058
596,272.0,200.0,272.58392,200.54288,0.5460252,0.7972967566253232
597,304.0,200.0,304.16968,200.75516,0.21257252,0.7739853610381621
598,328.0,200.0,328.43967,200.42812,0.36317763,0.6136693131027919
599,352.0,200.0,353.03595,201.04091,0.25322372,1.468564929947368
600,360.0,200.0,360.44318,201.20547,0.29587004,1.2843577493573015
601,368.0,200.0,368.03217,201.36209,0.34076068,1.3624708029944526
602,392.0,200.0,392.589,200.77995,0.3316351,0.9773612600249494
603,408.0,200.0,408.644,200.98466,0.20270178,1.176570030223292
604,432.0,200.0,431.8875,200.45363,0.3134472,0.46736747416241076
605,440.0,200.0,440.3356,200.76457,0.28697732,0.8349845120241819
606,448.0,200.0,448.19626,200.86877,0.46016315,0.8906662668948969
607,456.0,200.0,456.77716,200.58818,0.27396086,0.9746460985334376
608,472.0,200.0,472.84454,200.3757,0.3386131,0.9243406145499574
609,488.0,200.0,488.539,200.62099,0.20217925,0.822281798936473
610,496.0,200.0,496.25668,200.39749,0.21471357,0.4731657202575158
611,584.0,200.0,584.0728,200.97183,0.24963245,0.9745563027259714
612,592.0,200.0,592.21246,201.08754,0.32220647,1.10809892491706
613,600.0,200.0,600.40076,200.87625,0.4954875,0.963546700131526
614,608.0,200.0,608.5085,200.56177,0.31333685,0.7577193905959082
615,616.0,200.0,616.24896,200.82137,0.22055842,0.8582676310739596
616,48.0,208.0,48.678696,208.59248,0.22259863,0.9009242733849675
617,168.0,208.0,168.52484,209.14279,0.30728975,1.2575497519424161
618,208.0,208.0,209.18767,208.4326,0.43723246,1.2640013222940825
619,264.0,208.0,264.35016,208.50708,0.40518656,0.6162315431707416
620,272.0,208.0,272.486,208.6488,0.45631698,0.8106385747904171
621,280.0,208.0,280.36615,208.32208,0.40315202,0.4876503874436436
622,328.0,208.0,328.00568,208.7762,0.26775765,0.7762200955435765
623,336.0,208.0,336.2795,208.92816,0.38819563,0.9693348819627766
624,352.0,208.0,352.6221,208.45937,0.21003611,0.773321680858128
625,368.0,208.0,368.05103,208.52798,0.2684991,0.5304444820501998
626,376.0,208.0,376.17786,208.61333,0.372033,0.6385945164277681
627,384.0,208.0,384.3594,208.69029,0.35364228,0.7782518012371554
628,392.0,208.0,392.43948,208.6714,0.42115843,0.8024503022225743
629,424.0,208.0,424.36063,208.49156,0.2232118,0.6096592182632538
630,432.0,208.0,432.0359,208.69835,0.26501602,0.6992705636632994
631,440.0,208.0,440.4981,208.79048,0.31570935,0.9343300265603235
632,448.0,208.0,448.27286,208.9566,0.31318215,0.994757521305048
633,456.0,208.0,456.2726,208.72856,0.23851158,0.7778944978517491
634,464.0,208.0,464.22827,208.61856,0.20167065,0.6593370327538425
635,472.0,208.0,472.43567,208.31555,0.24767567,0.5379408348213257
636,480.0,208.0,480.41528,208.47249,0.20536295,0.6290512141868405
637,488.0,208.0,488.3367,208.62483,0.21814896,0.7097763068395746
638,528.0,208.0,528.2109,208.47455,0.26127195,0.5192927982106593
639,536.0,208.0,536.1034,209.12115,0.2899809,1.1259121988102243
640,544.0,208.0,544.06445,209.0003,0.2810264,1.0023794940126334
641,552.0,208.0,552.2327,209.03488,0.3808315,1.0607270097463213
642,560.0,208.0,559.8772,208.8539,0.21536571,0.8626823053433059
643,584.0,208.0,584.2977,209.18616,0.21434364,1.2229520909032654
644,592.0,208.0,591.8357,209.1055,0.33938235,1.117642743800202
645,600.0,208.0,600.0776,208.77452,0.45162866,0.7783961529857835
646,608.0,208.0,608.2264,208.55185,0.39800113,0.5964774532016428
647,616.0,208.0,616.48694,208.82735,0.36350253,0.9600061511969022
648,168.0,216.0,168.59862,216.80843,0.4093667,1.005930125192665
649,176.0,216.0,176.7116,216.93202,0.23714277,1.1726170203304334
650,184.0,216.0,184.52437,216.93869,0.29591516,1.075221541796801
651,192.0,216.0,192.28934,216.58543,0.23917104,0.6530305602286961
652,200.0,216.0,200.6145,216.608,0.34958932,0.8644528492187185
653,208.0,216.0,209.28366,216.40157,0.46985364,1.345005639194284
654,264.0,216.0,264.14468,216.52072,0.36755428,0.5404481717840842
655,272.0,216.0,272.1025,216.49088,0.35758972,0.5014643627339018
656,280.0,216.0,280.2878,216.5399,0.32304356,0.611824496254556
657,288.0,216.0,288.17532,216.4487,0.20167974,0.48173641240816667
658,304.0,216.0,304.68756,216.74306,0.28362995,1.0123607337772342
659,336.0,216.0,336.67868,216.28929,0.3303545,0.7377646074391742
660,368.0,216.0,367.9193,216.52368,0.2322708,0.5298613884570839
661,384.0,216.0,384.54492,216.39183,0.2442908,0.6711713245975381
662,392.0,216.0,393.00162,216.81104,0.23075351,1.2888039044167363
663,432.0,216.0,432.03827,216.52158,0.27850127,0.5229779804558868
664,440.0,216.0,440.08893,217.00705,0.34250656,1.0109683705153458
665,448.0,216.0,448.22708,217.22789,0.2879022,1.248711257397325
666,456.0,216.0,456.2309,217.00516,0.22121401,1.031336270050864
667,464.0,216.0,464.32474,217.2635,0.21164033,1.3045677081702414
668,496.0,216.0,496.4654,216.36078,0.35523877,0.5888565657181194
669,504.0,216.0,504.2818,216.60556,0.22451624,0.667917760637324
670,512.0,216.0,512.2738,216.90154,0.22204961,0.9421963118037113
671,520.0,216.0,519.83636,216.8864,0.26962876,0.9013758760459205
672,528.0,216.0,528.3054,216.58806,0.33076185,0.6626417544890911
673,536.0,216.0,536.2035,217.12857,0.36126727,1.1467694512171749
674,552.0,216.0,552.24274,216.76085,0.29946077,0.7986315554459442
675,560.0,216.0,560.1518,216.6917,0.33702323,0.708156153331828
676,592.0,216.0,592.37683,217.2043,0.26329112,1.2618795336187072
677,600.0,216.0,600.2127,216.97562,0.2897605,0.9985349048903319
678,608.0,216.0,608.3352,216.81647,0.22314605,0.8825991571099558
679,616.0,216.0,616.4255,217.07405,0.24056377,1.155255483715952
680,96.0,224.0,96.438995,225.19055,0.23679154,1.2689091438310485
681,104.0,224.0,104.582184,225.20648,0.22741027,1.3396031790008456
682,176.0,224.0,176.44908,224.70177,0.22510363,0.83315724785546
683,184.0,224.0,183.93633,224.58969,0.20855838,0.5931190124819116
684,192.0,224.0,192.68861,224.56825,0.2808389,0.8928046077414326
685,200.0,224.0,200.40866,224.36978,0.3147196,0.5511280026808288
686,208.0,224.0,209.14021,224.35555,0.2562332,1.1943609138756153
687,216.0,224.0,216.58794,224.44984,0.20776926,0.7402899165818112
688,264.0,224.0,263.9592,225.12979,0.26381925,1.1305277944421273
689,272.0,224.0,272.33664,225.03621,0.29975754,1.0895207206866457
690,280.0,224.0,280.5625,225.10039,0.28752103,1.2358232322406917
691,288.0,224.0,288.66455,225.04634,0.31265014,1.2395390710125025
692,304.0,224.0,304.82114,224.93887,0.2998058,1.247296342701454
693,312.0,224.0,312.25415,224.99266,0.4406458,1.0246791370508437
694,320.0,224.0,320.42792,224.93417,0.340052,1.0275182018363156
695,328.0,224.0,328.44437,224.84221,0.20043169,0.9522485569131913
696,336.0,224.0,336.40524,224.84782,0.39624345,0.9396954416498653
697,368.0,224.0,368.69128,224.73302,0.20401879,1.0075652297146744
698,376.0,224.0,376.73434,224.96466,0.2769385,1.212366272201144
699,384.0,224.0,384.9024,224.69026,0.25344256,1.136131948835849
700,440.0,224.0,440.38168,224.9976,0.3403616,1.0681276415513001
701,448.0,224.0,447.96698,225.14375,0.36973894,1.1442295945723278
702,456.0,224.0,456.07028,224.83115,0.42426187,0.8341124802500477
703,464.0,224.0,464.4769,224.95493,0.2705636,1.0673868409592955
704,488.0,224.0,488.24884,224.31932,0.25407052,0.40482984906974995
705,496.0,224.0,496.31598,224.43341,0.46655977,0.5363650973940973
706,504.0,224.0,504.07288,224.67348,0.2323278,0.6774085992309749
707,520.0,224.0,519.8399,224.89911,0.28491172,0.9132509337484942
708,528.0,224.0,528.11127,224.67973,0.2677832,0.6887798576346208
709,536.0,224.0,536.4893,224.86752,0.23040828,0.9960067397804535
710,544.0,224.0,544.2108,224.76431,0.2753945,0.7928537798674468
711,592.0,224.0,592.7708,225.0843,0.25353435,1.330364454937211
712,600.0,224.0,600.8549,225.1634,0.2747217,1.4437456924645922
713,608.0,224.0,608.4751,224.99698,0.37088817,1.1043932408331947
714,616.0,224.0,616.50134,225.42989,0.44065255,1.5152287488304583
715,104.0,232.0,104.58153,233.39542,0.20278306,1.5117410543709853
716,160.0,232.0,160.3043,232.54723,0.24070814,0.6261456721606741
717,168.0,232.0,168.09981,232.66855,0.227819,0.6759576865183711
718,176.0,232.0,176.13159,232.81741,0.23359449,0.8279377713295855
719,280.0,232.0,280.14615,233.25682,0.32674983,1.265289554047102
720,288.0,232.0,288.98242,233.46631,0.23553024,1.7649967797657926
721,296.0,232.0,296.85233,233.55505,0.30162165,1.7733162996598921
722,304.0,232.0,304.72244,232.87608,0.540586,1.1355375059764528
723,312.0,232.0,312.69992,232.83093,0.56397766,1.0864335859211247
724,320.0,232.0,320.41364,232.84271,0.44521832,0.9387535972437402
725,432.0,232.0,432.54398,232.52191,0.4216112,0.7538577080204799
726,440.0,232.0,440.30936,233.01411,0.42223457,1.0602497520841485
727,448.0,232.0,448.65384,233.31648,0.31291202,1.4699087971758908
728,456.0,232.0,456.43823,233.03221,0.26173162,1.1213865663057772
729,488.0,232.0,488.35904,232.31844,0.38752145,0.47990676070423244
730,496.0,232.0,496.3803,232.83025,0.33292827,0.9132054063341555
731,504.0,232.0,503.89615,232.52211,0.27790067,0.5323381755320475
732,520.0,232.0,520.1084,232.58655,0.3467157,0.5964801785684298
733,544.0,232.0,544.1392,232.11691,0.307317,0.18179975993822658
734,552.0,232.0,552.27936,232.09993,0.22125027,0.29669312227894057
735,560.0,232.0,560.3905,232.47443,0.31692886,0.6144695462883891
736,568.0,232.0,568.1239,232.968,0.22922738,0.9758996049956604
737,576.0,232.0,576.51025,233.10094,0.27086994,1.2134335926750008
738,584.0,232.0,584.67065,233.12572,0.257113,1.3103496927092217
739,600.0,232.0,600.42413,233.08086,0.2650424,1.1610940738476871
740,608.0,232.0,608.7586,232.87773,0.34289646,1.1601272662271929
741,616.0,232.0,616.45245,233.4553,0.3564746,1.524018620725165
742,152.0,240.0,152.73228,240.33958,0.2977753,0.8071915431448435
743,160.0,240.0,160.4685,239.99191,0.3351403,0.4685756527995342
744,168.0,240.0,168.41978,240.2791,0.29143143,0.5040982480366941
745,176.0,240.0,176.73592,240.5171,0.30364296,0.8994277340577844
746,200.0,240.0,200.83209,240.736,0.2037204,1.110883625970259
747,240.0,240.0,240.52187,240.88705,0.24416731,1.029179063805604
748,264.0,240.0,264.39346,240.96738,0.32415593,1.04433277048316
749,272.0,240.0,271.77185,240.98308,0.29418322,1.0092048924679689
750,288.0,240.0,288.43054,241.05144,0.26167315,1.1361720674019573
751,296.0,240.0,296.34662,240.97672,0.42354336,1.0363960888896622
752,304.0,240.0,304.8231,241.05077,0.52752024,1.334760524315364
753,312.0,240.0,312.50372,241.32661,0.4936026,1.41902879436899
754,328.0,240.0,328.4041,240.81696,0.20547296,0.9114408023601495
755,352.0,240.0,352.4449,240.62154,0.24791974,0.7643495308279982
756,360.0,240.0,360.47717,240.62088,0.23521288,0.7830619785902111
757,368.0,240.0,368.53012,240.92923,0.27279538,1.069811206740237
758,432.0,240.0,432.71878,240.56718,0.5534067,0.9156110696019746
759,440.0,240.0,440.72055,241.04886,0.4740818,1.2725162194013229
760,448.0,240.0,448.5639,240.86472,0.27292383,1.0323374123903455
761,456.0,240.0,456.38788,240.97047,0.31042722,1.045117181836946
762,480.0,240.0,480.54395,240.51288,0.2571819,0.7476100418057869
763,488.0,240.0,488.25925,240.26183,0.34775144,0.36845833081537693
764,496.0,240.0,496.6414,240.25128,0.37178773,0.6888548474603138
765,504.0,240.0,503.9325,240.30405,0.32264283,0.31145025757007555
766,520.0,240.0,519.83044,240.41493,0.30384746,0.44823865977417926
767,528.0,240.0,527.57715,240.42198,0.29386815,0.5973877243175435
768,536.0,240.0,536.2041,240.52309,0.3103901,0.5614953110741054
769,544.0,240.0,544.09375,240.49042,0.35171187,0.49929787466933684
770,552.0,240.0,551.3942,240.38774,0.57272476,0.7192393211945101
771,560.0,240.0,560.103,240.53494,0.36955428,0.5447735747002519
772,568.0,240.0,567.92346,241.05527,0.42465082,1.0580393304473452
773,576.0,240.0,576.3911,240.93443,0.5000754,1.012983020209641
774,584.0,240.0,584.9169,241.32152,0.228649,1.6084341730370262
775,592.0,240.0,592.498,241.28601,0.23999345,1.379062553224664
776,600.0,240.0,600.34576,241.05116,0.30049607,1.1065694364979997
777,608.0,240.0,608.1981,240.99228,0.306174,1.011864269222813
778,616.0,240.0,616.27515,240.71526,0.35021985,0.766352632677147
779,152.0,248.0,152.3717,248.28917,0.21447764,0.47093824419484576
780,160.0,248.0,160.57867,248.49501,0.28617194,0.7615111534263294
781,168.0,248.0,168.74002,248.5395,0.28647044,0.9158036708896029
782,176.0,248.0,176.55821,248.3157,0.22955263,0.6413035036111288
783,200.0,248.0,200.50911,248.14699,0.20502885,0.5299036961323418
784,208.0,248.0,208.69951,248.48874,0.25816226,0.8533335799569499
785,216.0,248.0,217.15106,248.73965,0.20114546,1.3682224215627554
786,232.0,248.0,232.91264,248.5722,0.20554453,1.0771889935092807
787,240.0,248.0,240.42825,248.78816,0.517833,0.8969952530368913
788,256.0,248.0,256.5771,249.03276,0.24163356,1.1830572126523278
789,272.0,248.0,272.10257,248.84576,0.4278388,0.8519609928642331
790,280.0,248.0,280.37006,248.84686,0.23733185,0.9241851253954981
791,312.0,248.0,312.52893,249.07861,0.25001526,1.201321879378915
792,336.0,248.0,336.61377,248.59834,0.22796282,0.8571623289059767
793,416.0,248.0,416.69913,248.0854,0.2915261,0.7043242051266749
794,424.0,248.0,424.2971,248.13838,0.51181614,0.3277365042926469
795,432.0,248.0,432.2118,248.4115,0.73860633,0.4628037318829292
796,440.0,248.0,440.39526,248.43382,0.48654902,0.5868862293470235
797,448.0,248.0,448.4055,248.55437,0.34829387,0.6868352054926047
798,472.0,248.0,472.37604,248.67865,0.38799977,0.775867234004804
799,480.0,248.0,480.43198,248.56058,0.39848748,0.7077079572062259
800,488.0,248.0,488.11105,248.24054,0.30237067,0.264938007801165
801,496.0,248.0,496.22137,248.36333,0.25132397,0.4254564637275334
802,504.0,248.0,504.38492,248.27843,0.2507171,0.4750617791475917
803,512.0,248.0,512.25653,248.12024,0.2389069,0.2833116849466378
804,528.0,248.0,527.8257,248.12186,0.41782796,0.21268582992853657
805,536.0,248.0,535.8931,248.64552,0.28549105,0.6543101553138532
806,544.0,248.0,543.4392,248.44838,0.4948347,0.7180047034063007
807,552.0,248.0,551.3362,248.65678,0.39984176,0.9338201714374207
808,560.0,248.0,559.9824,248.61682,0.40696934,0.6170717082472991
809,568.0,248.0,567.7765,248.87775,0.5072706,0.9057572048516914
810,576.0,248.0,575.9589,248.48946,0.3155256,0.4911767919761347
811,584.0,248.0,584.08124,248.6031,0.28388044,0.608550389703065
812,592.0,248.0,592.41077,248.89838,0.42507502,0.987830690728102
813,600.0,248.0,600.6239,249.03398,0.40576303,1.2076300314219155
814,608.0,248.0,608.57324,249.22507,0.32198626,1.3525516994863747
815,616.0,248.0,616.3671,249.0205,0.3062296,1.0845215043364238
816,168.0,256.0,168.28091,256.58344,0.22589965,0.6475409757472307
817,176.0,256.0,176.34785,256.62268,0.26984516,0.7132559442849162
818,184.0,256.0,184.16537,256.51913,0.20979184,0.5448389314947665
819,232.0,256.0,232.9891,256.58963,0.24569595,1.1515176212113822
820,240.0,256.0,240.57532,256.51096,0.3931502,0.7694582063360158
821,264.0,256.0,264.56558,256.86002,0.23446204,1.0293253156362867
822,272.0,256.0,271.9932,256.84256,0.27802706,0.8425872979529169
823,408.0,256.0,408.87183,256.43124,0.22545013,0.9726521332014049
824,416.0,256.0,416.5201,256.3116,0.7551623,0.6063162886004063
825,424.0,256.0,424.15964,256.0446,0.8444155,0.16574692579334188
826,432.0,256.0,432.1932,256.18842,0.71980286,0.26986899327145897
827,440.0,256.0,440.01727,256.36737,0.53067476,0.3677764491334233
828,448.0,256.0,448.3772,256.61047,0.24509439,0.7176042318397153
829,472.0,256.0,472.46194,256.61145,0.255957,0.7663316099517555
830,480.0,256.0,480.06198,256.62213,0.48724416,0.6252112307334939
831,488.0,256.0,488.1196,256.54178,0.27868482,0.5548223026103023
832,504.0,256.0,504.242,256.03876,0.32579294,0.24508826400510125
833,520.0,256.0,520.16895,256.00928,0.21806905,0.16919984551641387
834,528.0,256.0,527.9828,255.63329,0.36032987,0.3671181799127394
835,536.0,256.0,535.87537,256.12772,0.34637368,0.1784516026699411
836,544.0,256.0,543.75024,256.07388,0.33797294,0.2604547856168256
837,552.0,256.0,551.5399,256.6158,0.27197257,0.7687024873544045
838,560.0,256.0,560.11163,256.54053,0.3319986,0.5519346004598259
839,568.0,256.0,568.008,256.79068,0.27874795,0.7907203576524606
840,576.0,256.0,576.09717,257.1395,0.22711168,1.143631236644047
841,584.0,256.0,584.2065,257.28888,0.32756692,1.3053140934456562
842,592.0,256.0,592.04205,257.1116,0.2582378,1.1123979598869775
843,600.0,256.0,600.0982,256.69666,0.44078746,0.7035431069106216
844,216.0,264.0,217.30417,265.32092,0.20364651,1.8562578433225116
845,224.0,264.0,224.79466,265.05215,0.23051536,1.3185285845533161
846,232.0,264.0,232.86887,264.2704,0.2795549,0.9099651190216873
847,240.0,264.0,240.58597,264.52,0.37148884,0.783420124814194
848,248.0,264.0,248.81396,264.8869,0.21326782,1.203799679388092
849,256.0,264.0,256.7288,264.81876,0.3229753,1.0961281101839238
850,264.0,264.0,264.46918,264.54572,0.35627607,0.7196752822392143
851,288.0,264.0,288.51898,264.60428,0.20059688,0.7965518381462923
852,296.0,264.0,296.81943,264.88483,0.20136783,1.2059766292408285
853,304.0,264.0,304.56073,264.8335,0.27607587,1.0045565436016997
854,360.0,264.0,360.06088,264.8444,0.20870683,0.8465829120754175
855,408.0,264.0,408.49863,264.45526,0.49445587,0.6751972918195902
856,416.0,264.0,416.37848,264.0915,0.5322375,0.3893803891104448
857,424.0,264.0,424.35602,263.94824,0.76221234,0.3597606631670981
858,432.0,264.0,432.52863,264.02164,0.7828238,0.5290681100044873
859,440.0,264.0,440.36957,264.34662,0.469493,0.5066802754177077
860,464.0,264.0,464.66507,264.53815,0.35762215,0.8555230625321448
861,472.0,264.0,472.4063,264.57156,0.25696605,0.701265815589027
862,480.0,264.0,480.25168,264.40497,0.34838176,0.4768032546540886
863,496.0,264.0,497.06284,264.1157,0.20376645,1.0691138302487606
864,528.0,264.0,528.6304,264.1923,0.31217742,0.659047528193394
865,536.0,264.0,536.0628,264.5543,0.2725118,0.5578375654773147
866,544.0,264.0,544.3867,264.78156,0.28831568,0.8719976401298475
867,552.0,264.0,551.75244,264.73862,0.27338034,0.778999516275218
868,584.0,264.0,584.4367,264.75986,0.23608117,0.8764105973949461
869,592.0,264.0,592.4007,264.59225,0.2774402,0.7150683056828071
870,600.0,264.0,600.4258,264.62152,0.38026622,0.753377741532712
871,208.0,272.0,208.63629,273.05334,0.28062993,1.230610413949234
872,216.0,272.0,217.15161,273.108,0.2098423,1.5980852412115325
873,224.0,272.0,224.89977,273.05515,0.2840211,1.3866898027441081
874,232.0,272.0,232.5467,272.85324,0.5206839,1.0133651162893194
875,240.0,272.0,240.4501,273.07913,0.35327145,1.169238829670351
876,248.0,272.0,248.25948,272.60645,0.2514969,0.6596238019503073
877,256.0,272.0,256.28256,272.5971,0.28126767,0.660589220758309
878,264.0,272.0,264.26538,272.43134,0.40099436,0.5064358501087323
879,272.0,272.0,272.25958,272.42697,0.41580057,0.49968759362140563
880,280.0,272.0,280.28143,272.608,0.2696013,0.6699781123153988
881,288.0,272.0,288.40024,272.8857,0.32248563,0.971944262077287
882,304.0,272.0,304.63824,272.59692,0.209778,0.8738845821451946
883,360.0,272.0,360.6856,272.87573,0.3291598,1.1121894987779166
884,384.0,272.0,384.5973,272.49915,0.21690276,0.7783968324271889
885,392.0,272.0,392.51794,272.93872,0.2739385,1.072130073081262
886,400.0,272.0,400.989,272.43594,0.5065114,1.0808306382601571
887,408.0,272.0,408.49908,272.40134,0.52163494,0.6404345661115952
888,416.0,272.0,416.27664,272.32507,0.5512312,0.4268528125482186
889,424.0,272.0,424.58133,272.05322,0.5949468,0.5837606181594722
890,432.0,272.0,432.4714,271.6602,0.3030307,0.58111593901337
891,464.0,272.0,464.54718,272.563,0.2778432,0.7850872241941202
892,488.0,272.0,488.60254,272.9016,0.4124789,1.084415192092819
893,496.0,272.0,496.59763,272.64096,0.2645971,0.8763487470662084
894,504.0,272.0,504.6567,272.348,0.20952527,0.7432115980728164
895,544.0,272.0,544.4163,272.38144,0.32897002,0.5646404867823126
896,552.0,272.0,552.21326,272.74445,0.29268414,0.774388809562038
897,616.0,272.0,616.54865,272.72263,0.2160657,0.9073033156638948
898,208.0,280.0,208.36389,281.07986,0.21429195,1.13952816563093
899,216.0,280.0,216.36409,281.00558,0.26354802,1.0694681509360098
900,224.0,280.0,224.73405,280.9263,0.43383658,1.1818916555620291
901,232.0,280.0,232.60153,280.86044,0.3608604,1.0498586002079646
902,240.0,280.0,240.50058,281.1173,0.25102893,1.2243205650905844
903,264.0,280.0,264.00906,280.49518,0.407258,0.4952611666847977
904,272.0,280.0,272.61343,280.39917,0.23191066,0.7318727348377689
905,288.0,280.0,288.9475,280.8443,0.2377824,1.269100504939937
906,304.0,280.0,304.85815,280.77582,0.23259509,1.1568587495253966
907,320.0,280.0,320.7342,280.95248,0.24055727,1.202607066973384
908,352.0,280.0,352.48557,280.61182,0.27144295,0.7810844156503419
909,360.0,280.0,360.4946,280.53873,0.20672639,0.7313372260934217
910,368.0,280.0,368.37427,280.3647,0.24567083,0.5225623522576802
911,376.0,280.0,376.64047,280.7948,0.25074455,1.0207407311381718
912,384.0,280.0,384.84827,280.40164,0.3199375,0.9385480272986598
913,392.0,280.0,392.5464,280.61975,0.66810477,0.8262140881009982
914,400.0,280.0,399.96033,280.50375,0.3629427,0.5053134544416035
915,408.0,280.0,408.29254,280.24973,0.34326276,0.3846339530557547
916,416.0,280.0,416.72446,280.51883,0.42280155,0.8910788552937227
917,424.0,280.0,424.11444,280.1109,0.3558091,0.1593603735177252
918,432.0,280.0,432.32065,280.09805,0.22822995,0.3353053093829812
919,456.0,280.0,456.55365,280.4219,0.23764144,0.6960836732233485
920,496.0,280.0,496.12305,280.5326,0.2832136,0.5466219861706203
921,528.0,280.0,528.35205,280.55576,0.40457913,0.65787845111637
922,536.0,280.0,536.0843,280.5657,0.4743789,0.5719494165730967
923,544.0,280.0,543.8927,280.4949,0.30533016,0.5064018031113081
924,552.0,280.0,552.35815,281.01932,0.3146161,1.0804086842428544
925,560.0,280.0,560.0488,281.41193,0.203583,1.412770319755992
926,224.0,288.0,224.58488,288.50656,0.20768087,0.7737534335619974
927,280.0,288.0,280.5224,288.59433,0.24033703,0.7912835203216697
928,296.0,288.0,296.58292,289.05502,0.26360983,1.2053486236045399
929,304.0,288.0,304.68777,288.85422,0.23756129,1.0966866315518224
930,312.0,288.0,312.6094,288.56818,0.20544578,0.8331862685577037
931,320.0,288.0,320.43243,288.41602,0.264321,0.600056860261051
932,328.0,288.0,328.69815,288.70898,0.33811876,0.9950241971016512
933,336.0,288.0,336.5314,288.54453,0.23818636,0.7608523809325193
934,344.0,288.0,344.3183,288.4026,0.23250662,0.5132161755295466
935,360.0,288.0,360.10153,288.23245,0.32487375,0.25365894084342994
936,368.0,288.0,368.3148,288.37515,0.27373597,0.4897259073860854
937,376.0,288.0,376.29596,288.4818,0.5195737,0.5654505757112024
938,384.0,288.0,384.63934,288.29993,0.41274205,0.7061981778205663
939,392.0,288.0,392.28552,288.10892,0.5512722,0.3055912958007195
940,400.0,288.0,400.06534,288.67126,0.3652936,0.6744370245594258
941,456.0,288.0,456.71286,289.14798,0.2499634,1.3513056677796917
942,472.0,288.0,472.3273,288.7769,0.22691743,0.8430170798831885
943,528.0,288.0,528.0727,288.48096,0.47378024,0.48641948914148786
944,536.0,288.0,536.24255,289.10925,0.3139463,1.1354621811006538
945,552.0,288.0,552.3186,289.20755,0.30292517,1.2488736207452764
946,560.0,288.0,559.7329,289.17926,0.21431449,1.2091285006472359
947,568.0,288.0,568.14966,288.96063,0.21658033,0.9722201603014213
948,576.0,288.0,575.93915,288.6088,0.49471253,0.6118288373787854
949,584.0,288.0,583.9132,288.38522,0.42321065,0.3948796134111225
950,592.0,288.0,592.1504,288.66016,0.32303104,0.6770698741651064
951,600.0,288.0,600.35974,288.865,0.34081337,0.9368147332375256
952,608.0,288.0,608.2282,288.626,0.60819286,0.6663068913350392
953,616.0,288.0,616.35583,288.9956,0.39903328,1.0572836747204126
954,296.0,296.0,296.27194,296.70996,0.366356,0.760261178517825
955,304.0,296.0,304.5704,296.58618,0.22437629,0.8179056786583746
956,312.0,296.0,312.56454,296.4271,0.33790106,0.7078979841089119
957,320.0,296.0,320.30222,296.46765,0.28159472,0.5568052224191475
958,328.0,296.0,328.16055,296.42807,0.34662953,0.45718841010620415
959,344.0,296.0,344.5206,296.34918,0.3085244,0.6268587227038762
960,368.0,296.0,368.11472,296.36774,0.43280426,0.3852142644776401
961,376.0,296.0,376.18823,296.6848,0.32109132,0.7102128412341056
962,384.0,296.0,384.39914,295.6794,0.30847773,0.5119456905446317
963,392.0,296.0,392.47366,296.0674,0.6800768,0.47843652382831414
964,400.0,296.0,399.93643,296.45407,0.30216867,0.4584990939041147
965,424.0,296.0,424.2479,296.2819,0.29817107,0.3753851884216028
966,432.0,296.0,432.81512,295.97702,0.31136853,0.8154483661682331
967,440.0,296.0,440.39276,296.40268,0.53474057,0.5625052162100745
968,448.0,296.0,448.70575,296.53757,0.2889269,0.8871644728409276
969,472.0,296.0,472.39932,296.7386,0.23241977,0.8396239486543006
970,504.0,296.0,503.81293,296.58063,0.24325143,0.610020033251398
971,528.0,296.0,527.91376,296.55276,0.37406212,0.5594522549716069
972,536.0,296.0,536.2345,296.8276,0.3038821,0.8601865496526249
973,552.0,296.0,551.9371,296.43518,0.2932123,0.4397067757890727
974,560.0,296.0,559.9332,296.66483,0.2159422,0.6681702077193286
975,568.0,296.0,567.90625,296.54623,0.4455827,0.55422088395846
976,576.0,296.0,576.07336,296.36948,0.46600744,0.3766896124832449
977,584.0,296.0,584.1132,296.60968,0.5421279,0.6201038088819651
978,592.0,296.0,592.3198,296.64853,0.24662288,0.7231026643150982
979,600.0,296.0,600.45465,296.66077,0.3843191,0.8020722682094683
980,608.0,296.0,608.167,296.6253,0.5990437,0.6472194013971267
981,616.0,296.0,616.47,296.68793,0.6165158,0.8331364580391004
982,296.0,304.0,296.57428,304.7489,0.24387524,0.943742830126097
983,304.0,304.0,304.2512,304.69138,0.530194,0.7355928987537588
984,312.0,304.0,312.28973,304.54446,0.37068492,0.6167551326397522
985,320.0,304.0,320.20258,304.22275,0.29513386,0.3010871820693587
986,328.0,304.0,328.2352,304.37238,0.47249988,0.44043394729516566
987,336.0,304.0,336.42993,304.76004,0.34458247,0.8732138613776069
988,344.0,304.0,344.4435,304.49408,0.41394877,0.6639408876754491
989,352.0,304.0,352.4088,304.93198,0.3111191,1.0176975565470385
990,360.0,304.0,360.3496,304.6099,0.3209271,0.7029915795632918
991,368.0,304.0,368.28738,304.62256,0.32067922,0.6856885482433496
992,376.0,304.0,376.4258,303.9145,0.2704313,0.43431286526088364
993,384.0,304.0,384.27103,303.78738,0.2481064,0.3444720211932696
994,392.0,304.0,392.33987,304.38467,0.4922224,0.5133114645468053
995,400.0,304.0,400.06143,304.73175,0.40494397,0.7343246241041524
996,408.0,304.0,408.6132,304.55936,0.3927959,0.8299888618943441
997,416.0,304.0,416.54623,304.8787,0.38479424,1.0346363894516182
998,424.0,304.0,424.22586,304.70828,0.27687383,0.7434225359758027
999,432.0,304.0,432.22345,304.42908,0.36374834,0.48377367733642546
1000,440.0,304.0,440.0503,304.51053,0.4568828,0.5129998029514797
1001,448.0,304.0,448.66144,304.5448,0.37664616,0.8569171719186663
1002,480.0,304.0,480.18372,304.58215,0.2760307,0.6104539220809078
1003,488.0,304.0,488.05298,304.42786,0.41089395,0.43112395075346566
1004,496.0,304.0,496.22858,304.1845,0.51561165,0.29375323486576055
1005,504.0,304.0,503.96698,304.53445,0.35902575,0.535473406744723
1006,512.0,304.0,511.85718,304.71317,0.2720336,0.7273258696928437
1007,520.0,304.0,520.2318,304.597,0.25820982,0.6404119841050349
1008,528.0,304.0,528.09674,304.28412,0.3825832,0.3001369288003097
1009,568.0,304.0,567.84503,304.1006,0.32937047,0.18475035307918874
1010,576.0,304.0,576.1995,304.23993,0.20216322,0.31205098557273037
1011,584.0,304.0,583.93695,304.7294,0.3182898,0.7321205517507292
1012,600.0,304.0,600.1955,304.48465,0.2976268,0.522593362906571
1013,608.0,304.0,608.18567,304.5074,0.53546035,0.5402895086293699
1014,616.0,304.0,616.64136,304.81708,0.64682907,1.0387276866532653
1015,312.0,312.0,312.24933,312.63666,0.21176119,0.6837381101495051
1016,320.0,312.0,319.94913,312.60956,0.25248125,0.6116773054484712
1017,328.0,312.0,328.30472,312.5268,0.5376025,0.6085765732445692
1018,336.0,312.0,336.69662,312.68057,0.34471306,0.973891673403575
1019,344.0,312.0,344.56396,312.67795,0.33756533,0.8818559026517471
1020,352.0,312.0,352.52225,312.51666,0.23737147,0.7346308578261638
1021,360.0,312.0,360.3854,312.42874,0.34090522,0.5765044674833626
1022,368.0,312.0,368.23972,312.54092,0.30034032,0.5916607215422037
1023,376.0,312.0,376.54663,311.8812,0.28909335,0.5593924456078976
1024,392.0,312.0,392.53964,312.1063,0.4622409,0.5500109016492202
1025,400.0,312.0,400.21463,312.122,0.35045192,0.24688530769136235
1026,408.0,312.0,408.18686,312.5142,0.48274347,0.5470908369159022
1027,416.0,312.0,416.39847,312.79993,0.50433683,0.8936775586849314
1028,424.0,312.0,424.1325,312.5198,0.37495488,0.53642928068338
1029,432.0,312.0,432.16705,312.30716,0.5178352,0.3496479527271172
1030,440.0,312.0,440.20248,312.35175,0.40797576,0.4058630239581502
1031,448.0,312.0,448.48633,312.4579,0.37641814,0.6679628717710389
1032,456.0,312.0,456.67245,312.3547,0.20836446,0.7602708173964517
1033,464.0,312.0,464.68945,312.39877,0.29718304,0.7964707598614648
1034,472.0,312.0,472.25394,312.47525,0.29122767,0.5388382656082903
1035,480.0,312.0,480.17395,312.24576,0.24217393,0.30109083820839444
1036,488.0,312.0,488.1556,312.28345,0.24077259,0.32335205890344876
1037,496.0,312.0,496.06927,312.3483,0.25573447,0.355119550709891
1038,504.0,312.0,504.25168,312.44482,0.20307708,0.5110876991630434
1039,512.0,312.0,512.2112,312.472,0.2140332,0.5170758131103087
1040,528.0,312.0,528.0695,312.55707,0.29075482,0.561388911842952
1041,536.0,312.0,536.401,312.77396,0.21033715,0.8716708872618201
1042,568.0,312.0,568.1641,312.3852,0.36572546,0.41870046899141533
1043,584.0,312.0,584.2896,312.69818,0.267198,0.7558650181680417
1044,592.0,312.0,592.2446,312.57086,0.22043426,0.6210688490044517
1045,600.0,312.0,600.0839,312.1893,0.27642468,0.20706960259880594
1046,608.0,312.0,608.52057,312.07782,0.4306224,0.5263533510785252
1047,616.0,312.0,616.471,312.59598,0.2960037,0.7596303953085023
1048,336.0,320.0,336.73538,320.8092,0.3235298,1.0934340774301863
1049,344.0,320.0,344.89172,320.90887,0.22085233,1.2732729147234376
1050,352.0,320.0,352.44434,320.79205,0.27224347,0.9081754967373624
1051,368.0,320.0,368.74094,320.56323,0.2093786,0.9307079730127354
1052,392.0,320.0,392.42862,320.15863,0.34205338,0.457031915329995
1053,400.0,320.0,400.34836,320.31482,0.28575528,0.4695365991541595
1054,408.0,320.0,408.34628,320.5334,0.5741652,0.6359345552308325
1055,416.0,320.0,416.14972,320.79626,0.7240793,0.8102180204505532
1056,424.0,320.0,424.31534,320.33545,0.28676412,0.460395827085182
1057,448.0,320.0,448.41528,320.37955,0.3269732,0.5625976843586434
1058,456.0,320.0,456.56625,320.3138,0.40551394,0.6473958153864049
1059,464.0,320.0,464.379,320.35312,0.33948252,0.5180080014167995
1060,472.0,320.0,472.50708,320.69925,0.36033782,0.8637590774283072
1061,480.0,320.0,480.22766,320.35767,0.32620203,0.42397472816965576
1062,488.0,320.0,488.38312,320.01065,0.33580044,0.38326569050325615
1063,496.0,320.0,496.38358,320.27386,0.2354941,0.4713088338920162
1064,520.0,320.0,519.9724,320.39285,0.34824443,0.3938202648157894
1065,528.0,320.0,528.1123,320.228,0.39401978,0.25415525880634626
1066,536.0,320.0,536.00726,320.26218,0.42904022,0.26227710185423236
1067,544.0,320.0,544.6972,320.21527,0.2668704,0.729682014207824
1068,552.0,320.0,552.0376,320.1607,0.2551233,0.16504503273181775
1069,560.0,320.0,560.2522,320.43478,0.35384348,0.5026335955727154
1070,568.0,320.0,568.35895,320.5078,0.41727,0.6218657613911477
1071,576.0,320.0,576.5192,320.39636,0.24984063,0.6532218556706454
1072,592.0,320.0,592.05994,320.23697,0.30175093,0.24443136260675216
1073,600.0,320.0,600.3679,320.09454,0.40470052,0.379873050083743
1074,608.0,320.0,608.4254,320.15756,0.28204396,0.4536560590712347
1075,368.0,328.0,368.40298,328.32565,0.23855996,0.5181182580107746
1076,392.0,328.0,392.2437,328.05347,0.46556735,0.24950933735228004
1077,400.0,328.0,400.58112,328.46432,0.37235513,0.7438367720132286
1078,408.0,328.0,408.3183,328.75607,0.27593035,0.820341521272011
1079,416.0,328.0,416.20856,329.05597,0.29712278,1.0763675525645975
1080,424.0,328.0,424.67288,328.80646,0.25280815,1.0503066335593434
1081,432.0,328.0,432.19608,328.38556,0.29662296,0.4325521745333345
1082,440.0,328.0,440.07135,328.35455,0.4030489,0.3616612007549176
1083,448.0,328.0,448.00845,328.33398,0.24212645,0.3340913381007779
1084,488.0,328.0,488.43365,328.42938,0.22998363,0.6102668703447772
1085,536.0,328.0,536.1504,328.12305,0.33659318,0.19431385317356106
1086,544.0,328.0,544.51544,328.27545,0.58023286,0.5844261832950322
1087,552.0,328.0,552.26276,328.4631,0.46607366,0.5324532306153411
1088,560.0,328.0,560.2949,328.52878,0.46475267,0.6054627702786893
1089,568.0,328.0,568.24506,328.49222,0.36102024,0.5498464282234291
1090,576.0,328.0,576.2882,328.30838,0.3073925,0.42209259466007637
1091,584.0,328.0,584.272,328.50314,0.35640475,0.5719460784862064
1092,592.0,328.0,592.2401,328.22244,0.39899418,0.32731428497416665
1093,600.0,328.0,600.3025,328.37842,0.31410035,0.48445897758749235
1094,384.0,336.0,384.37195,336.01898,0.50283766,0.3724322873615131
1095,392.0,336.0,392.3216,336.04642,0.5517082,0.3249267824049572
1096,400.0,336.0,400.8046,336.07135,0.4859808,0.8077533502201182
1097,408.0,336.0,408.2917,336.3723,0.27155447,0.47296867212446747
1098,416.0,336.0,416.2214,336.2766,0.34239602,0.3543077953489402
1099,432.0,336.0,431.99698,336.2406,0.36345986,0.24061955416387532
1100,440.0,336.0,440.20288,336.4086,0.24374738,0.4561956634972857
1101,464.0,336.0,464.11774,336.2333,0.26420426,0.2613313230680923
1102,472.0,336.0,471.96936,336.22897,0.20055431,0.2310142869526799
1103,528.0,336.0,527.98047,336.15866,0.28058517,0.15985852282787932
1104,536.0,336.0,535.86707,336.25122,0.4268316,0.28422428056516985
1105,544.0,336.0,543.92035,336.45828,0.52344877,0.46515275497872605
1106,552.0,336.0,552.2594,336.37625,0.50210977,0.4570044169333159
1107,560.0,336.0,560.24207,336.35052,0.5381046,0.425985186846784
1108,568.0,336.0,568.08093,336.3475,0.5370592,0.3568037047232625
1109,576.0,336.0,576.4953,336.39462,0.5320987,0.6332847200532025
1110,584.0,336.0,584.5949,336.1226,0.43101335,0.6074089258966383
1111,592.0,336.0,592.15765,336.24738,0.27030948,0.29334170444466573
1112,600.0,336.0,600.6066,336.47202,0.27312252,0.7686329145015124
1113,368.0,344.0,368.42282,344.15314,0.2159838,0.44969838804042667
1114,376.0,344.0,376.21976,344.6993,0.20068717,0.7330266528271033
1115,384.0,344.0,384.32928,344.5726,0.40868947,0.660530591529404
1116,392.0,344.0,392.28784,344.2871,0.37481534,0.40655220235674455
1117,400.0,344.0,400.17792,344.11368,0.29920903,0.21113340014253296
1118,408.0,344.0,408.1237,343.923,0.3034245,0.14569495155174803
1119,416.0,344.0,416.5308,344.12064,0.3165505,0.5443284296668434
1120,464.0,344.0,464.0256,344.26758,0.22506127,0.26880035434604904
1121,544.0,344.0,544.0078,344.70273,0.6964142,0.7027716974236139
1122,552.0,344.0,552.42584,344.40863,0.4806337,0.5901867772216799
1123,560.0,344.0,560.08936,344.32086,0.35567975,0.3330716214615864
1124,568.0,344.0,568.1706,344.3649,0.45352593,0.4028065401739502
1125,576.0,344.0,576.4149,344.68686,0.4205703,0.8024534728261932
1126,584.0,344.0,584.5147,344.13205,0.24593891,0.5313783282019485
1127,384.0,352.0,383.9509,352.4859,0.27415818,0.48837562125904616
1128,392.0,352.0,392.31378,352.3999,0.24446906,0.5083117781593753
1129,400.0,352.0,399.90808,352.23056,0.26622996,0.24820786793397387
1130,416.0,352.0,416.12314,352.394,0.20580737,0.4128061095276608
1131,432.0,352.0,432.4797,352.3931,0.22486624,0.6201958208465848
1132,440.0,352.0,439.95004,352.0606,0.34398264,0.07854328830627616
1133,448.0,352.0,448.22183,352.33447,0.20310666,0.4013496183926338
1134,456.0,352.0,455.99384,352.21616,0.22899322,0.21624389137132352
1135,464.0,352.0,463.83517,352.07935,0.37595826,0.18292940194325352
1136,472.0,352.0,471.91412,352.15878,0.38129953,0.18051813005317097
1137,488.0,352.0,488.04474,352.24835,0.23680684,0.2523495564220846
1138,544.0,352.0,544.36176,352.87784,0.29929048,0.9494560228699213
1139,552.0,352.0,552.36584,352.81967,0.5443679,0.8976101305072587
1140,560.0,352.0,560.03296,352.51138,0.493349,0.5124440703824567
1141,568.0,352.0,568.7417,352.2318,0.44744974,0.7770806351291834
1142,576.0,352.0,576.4452,352.31335,0.47424743,0.5444130384730208
1143,584.0,352.0,583.9311,352.11234,0.22037826,0.13178621343397873
1144,592.0,352.0,592.2857,352.0386,0.26306972,0.2883019187284056
1145,608.0,352.0,608.01605,351.86752,0.3334016,0.1334457901259978
1146,384.0,360.0,383.888,360.67813,0.20026685,0.6873177461557047
1147,392.0,360.0,392.0916,360.53976,0.30441195,0.5474839677229694
1148,400.0,360.0,400.0642,360.5587,0.23872726,0.5623629265571026
1149,424.0,360.0,424.01962,360.04953,0.20474805,0.05327549332762195
1150,456.0,360.0,456.2076,360.47192,0.31414858,0.5155719753296544
1151,464.0,360.0,463.9206,360.61838,0.3023142,0.6234552045390084
1152,472.0,360.0,472.10513,360.24182,0.41668049,0.26368635808939767
1153,520.0,360.0,520.1337,359.93344,0.253205,0.14937625045033512
1154,544.0,360.0,544.71747,360.73737,0.2983281,1.028819185047644
1155,552.0,360.0,552.24634,360.9581,0.57406944,0.9892607088225464
1156,560.0,360.0,560.46423,360.5633,0.5873145,0.7299398379038148
1157,568.0,360.0,568.63513,360.3959,0.57181424,0.7484202393162094
1158,576.0,360.0,576.5082,360.1842,0.34864062,0.5405337670141867
1159,584.0,360.0,584.18286,360.28735,0.34005943,0.34060286003744306
1160,592.0,360.0,591.9501,360.17374,0.41850436,0.18076802175240167
1161,600.0,360.0,599.836,360.19513,0.46603435,0.2548959809040307
1162,608.0,360.0,607.76245,360.2237,0.33055055,0.3262949328794708
1163,616.0,360.0,616.03174,360.31567,0.22630939,0.3172653215524762
1164,392.0,368.0,392.12656,368.57852,0.2592369,0.5922025935909238
1165,544.0,368.0,544.17755,368.17444,0.21260533,0.24890406870439954
1166,552.0,368.0,552.2963,368.4906,0.24289185,0.5731473158617438
1167,560.0,368.0,560.26086,368.7314,0.44467583,0.7765421838088868
1168,568.0,368.0,568.43933,368.55496,0.36311343,0.7078098421541632
1169,576.0,368.0,576.2145,368.27982,0.53534186,0.35255840095251434
1170,584.0,368.0,584.5427,368.23965,0.41676885,0.5932826481961665
1171,592.0,368.0,592.15173,368.56696,0.25445667,0.586908543540154
1172,608.0,368.0,607.8664,368.659,0.2169262,0.6724039313412037
1173,616.0,368.0,615.8631,368.6407,0.6024233,0.6551493827174243
1174,384.0,376.0,384.03757,376.76004,0.2525525,0.7609681478218904
1175,392.0,376.0,392.08582,376.25522,0.2253144,0.26925967708801496
1176,560.0,376.0,560.3946,376.20554,0.24053651,0.4449135568140947
1177,568.0,376.0,568.0102,376.24747,0.2308377,0.24767686813702008
1178,576.0,376.0,575.9098,376.18024,0.2722486,0.2015518470285141
1179,600.0,376.0,599.74805,376.56094,0.23190296,0.6149293483989525
1180,616.0,376.0,616.00885,376.4566,0.75157684,0.4566897640759468
1181,536.0,384.0,536.0504,384.1468,0.24621554,0.15520582586434883
1182,552.0,384.0,552.17114,384.2767,0.23793875,0.3253525262283193
1183,584.0,384.0,584.078,384.31375,0.22982088,0.32330215825529857
1184,592.0,384.0,591.9519,384.19797,0.42020842,0.2037261380260206
1185,600.0,384.0,599.8611,383.99182,0.37821072,0.13915656904984552
1186,608.0,384.0,607.9779,384.07465,0.31668282,0.07784729715731808
1187,616.0,384.0,615.7839,384.24146,0.47390145,0.3240536706120741
1188,224.0,392.0,224.39977,392.2373,0.20175658,0.4648930862535365
1189,552.0,392.0,552.67645,392.4986,0.21531162,0.8403489345555017
1190,592.0,392.0,592.17975,392.5024,0.2651304,0.5335974484073933
1191,600.0,392.0,599.91125,392.10034,0.36566746,0.1339558584934861
1192,608.0,392.0,607.9622,392.09888,0.5145685,0.1058491276078004
1193,616.0,392.0,616.02203,392.48294,0.41793564,0.4834430452437487
1194,16.0,400.0,16.513414,400.20093,0.38904583,0.5513313731732996
1195,24.0,400.0,24.13953,400.5271,0.23311147,0.5452546834829329
1196,216.0,400.0,216.0212,399.63943,0.31435895,0.3611875663401182
1197,224.0,400.0,224.34415,400.34265,0.31184423,0.48564074189000067
1198,232.0,400.0,232.13933,400.49384,0.20356916,0.5131137722819956
1199,240.0,400.0,240.30766,400.29437,0.22813606,0.4258071189970561
1200,248.0,400.0,248.09967,400.5288,0.20818333,0.5381196144767143
1201,264.0,400.0,264.105,400.53232,0.23568049,0.542577075682601
1202,272.0,400.0,272.32178,400.44928,0.33325773,0.5526237275948724
1203,280.0,400.0,279.94745,400.2574,0.474125,0.2626952699569044
1204,592.0,400.0,591.8689,400.32806,0.4582096,0.3532903859974622
1205,600.0,400.0,599.555,400.12735,0.40435973,0.4628709364377751
1206,608.0,400.0,607.7463,400.13513,0.588836,0.2874648624695982
1207,616.0,400.0,616.31384,400.43414,0.24748284,0.5357027987117143
1208,16.0,408.0,16.302084,408.2677,0.6488148,0.4036311669920381
1209,24.0,408.0,24.147598,408.3383,0.5705175,0.3690847895164353
1210,32.0,408.0,32.052937,408.089,0.30224133,0.1035440329070608
1211,216.0,408.0,216.34877,407.6165,0.22321814,0.5183858697688054
1212,224.0,408.0,224.2284,407.90076,0.50437456,0.24902373669176267
1213,232.0,408.0,232.2285,408.23517,0.4272624,0.3278972713228816
1214,240.0,408.0,240.31627,408.61948,0.25273877,0.6955407531801051
1215,248.0,408.0,248.42969,408.63455,0.20725727,0.7663469128527685
1216,256.0,408.0,256.17233,408.715,0.31895003,0.7354715117744474
1217,264.0,408.0,264.23743,408.6586,0.54761636,0.7000894459825532
1218,272.0,408.0,272.12573,407.93835,0.43963015,0.1400314626932604
1219,280.0,408.0,280.11752,408.13937,0.3133741,0.18230949326044177
1220,288.0,408.0,287.9409,408.36282,0.2320563,0.3676073661670187
1221,304.0,408.0,304.06305,408.21024,0.39923587,0.2194862683630647
1222,312.0,408.0,312.60608,408.41714,0.25824538,0.7357592275918136
1223,592.0,408.0,592.1472,408.46884,0.43258992,0.4914114232010839
1224,600.0,408.0,599.7951,408.4727,0.46464598,0.5151841896566389
1225,608.0,408.0,607.82526,408.35742,0.24242957,0.3978514053801356
1226,616.0,408.0,616.0995,408.28003,0.25576326,0.2971769353470931
1227,16.0,416.0,16.366426,416.51984,0.37762913,0.6360017813995513
1228,24.0,416.0,24.12867,416.24594,0.5527627,0.27756613066930425
1229,32.0,416.0,32.23748,416.22144,0.31623703,0.32470067679490294
1230,40.0,416.0,40.43871,416.10922,0.31681553,0.45210103878276175
1231,48.0,416.0,48.361828,416.1894,0.31697157,0.408397792572816
1232,56.0,416.0,56.38336,416.2639,0.22683574,0.46540502614147455
1233,224.0,416.0,224.23518,416.0119,0.3176897,0.2354846796516676
1234,232.0,416.0,232.15572,415.9805,0.4690307,0.1569322569682758
1235,240.0,416.0,240.18983,416.32477,0.39302096,0.37618010355712944
1236,248.0,416.0,248.14992,416.4453,0.36551443,0.4698707377644519
1237,256.0,416.0,256.4123,416.52286,0.21281815,0.6658567626467283
1238,264.0,416.0,263.82156,416.2826,0.53942406,0.33421277858336085
1239,272.0,416.0,272.08124,416.2769,0.32265323,0.2885574958848446
1240,280.0,416.0,279.91635,416.52377,0.24810907,0.530410652251717
1241,288.0,416.0,287.78656,416.41718,0.23625377,0.4686062671914086
1242,304.0,416.0,304.12088,416.20102,0.39836115,0.2345650419013135
1243,608.0,416.0,608.0447,416.50125,0.33415952,0.5032383989773197
1244,616.0,416.0,616.4858,416.54187,0.4572606,0.7277391529796636
1245,16.0,424.0,16.296207,424.26923,0.57896733,0.4002768035108797
1246,24.0,424.0,24.243378,424.08716,0.6417682,0.2585135396727458
1247,32.0,424.0,32.205822,423.74448,0.44408107,0.32810828067075004
1248,48.0,424.0,48.052055,423.92773,0.33775818,0.08906223074606717
1249,56.0,424.0,56.31105,423.90472,0.46028236,0.3253150070275447
1250,64.0,424.0,64.268295,424.12442,0.29034367,0.29574100040486756
1251,72.0,424.0,72.05759,424.2884,0.31197345,0.2940844415678765
1252,232.0,424.0,232.04991,424.21872,0.2417205,0.2243420819321678
1253,240.0,424.0,239.93457,424.3148,0.25854984,0.3215167867630542
1254,248.0,424.0,248.22987,424.38498,0.6089203,0.4483870200100048
1255,296.0,424.0,296.36475,424.45532,0.24755396,0.5834021584462701
1256,304.0,424.0,304.52078,424.85806,0.4309856,1.0037360483084141
1257,312.0,424.0,312.45267,424.52686,0.22808859,0.6946109067648771
1258,16.0,432.0,16.121458,432.0057,0.51105577,0.12159204826265516
1259,24.0,432.0,24.323616,431.73126,0.47645646,0.42065108443875043
1260,32.0,432.0,32.283894,431.78992,0.37560603,0.3531719664584661
1261,40.0,432.0,40.72582,431.81717,0.33506066,0.7484916798435719
1262,48.0,432.0,48.361404,431.4878,0.27930573,0.6268725523542544
1263,56.0,432.0,56.161156,431.72272,0.49821132,0.3207130552595894
1264,64.0,432.0,64.100685,431.7536,0.30407655,0.266176490210614
1265,72.0,432.0,72.09187,432.44104,0.4031671,0.4505074863177142
1266,80.0,432.0,79.83333,432.7717,0.56880283,0.7894917817268331
1267,88.0,432.0,87.93111,432.7434,0.28353912,0.7465936388232358
1268,224.0,432.0,224.5584,432.6284,0.25297397,0.8406403485489213
1269,232.0,432.0,232.15361,432.64084,0.2852912,0.6589918386393395
1270,240.0,432.0,240.17734,432.67297,0.41006207,0.6959469457663211
1271,248.0,432.0,248.5041,432.47476,0.367241,0.6924741031430541
1272,312.0,432.0,312.47504,432.66995,0.28820735,0.8212770541670582
1273,16.0,440.0,16.185019,440.16376,0.44386318,0.24707958468400068
1274,24.0,440.0,24.425764,439.59702,0.5975098,0.5862351562052742
1275,32.0,440.0,32.29827,439.56592,0.35966554,0.5266810288922684
1276,56.0,440.0,55.95846,440.04605,0.37522677,0.062017112149149886
1277,72.0,440.0,72.18808,440.26706,0.3376154,0.3266415583586479
1278,80.0,440.0,80.200356,440.72128,0.44444436,0.748592977015378
1279,88.0,440.0,88.10194,440.8509,0.4141049,0.8569753229476872
1280,96.0,440.0,96.29781,440.42508,0.49858654,0.5190233911987582
1281,104.0,440.0,104.011505,440.2312,0.2563062,0.23148725628548283
1282,248.0,440.0,248.31683,440.63464,0.50032127,0.7093348333145455
1283,256.0,440.0,256.4643,440.8259,0.3432306,0.9474574047306641
1284,264.0,440.0,264.46445,440.78464,0.267563,0.9117932690841735
1285,280.0,440.0,280.60245,440.7198,0.37706068,0.9386358121031598
1286,288.0,440.0,288.36078,440.60165,0.32327566,0.7015332835311692
1287,296.0,440.0,295.9114,440.2645,0.32441568,0.2789385070365918
1288,320.0,440.0,320.291,440.64987,0.2648347,0.7120433436198164
1289,16.0,448.0,16.558182,448.58487,0.22789754,0.8084794848614075
1290,24.0,448.0,24.423454,448.16272,0.56868106,0.4536421944839742
1291,32.0,448.0,32.376713,448.31857,0.29368597,0.49335716075621666
1292,72.0,448.0,72.15617,448.43036,0.4503532,0.4578198312007223
1293,80.0,448.0,80.061554,448.87802,0.6709941,0.8801762253597116
1294,88.0,448.0,88.121704,448.57394,0.22146781,0.5867058111572401
1295,96.0,448.0,96.41339,448.29865,0.28777707,0.5099814312607195
1296,104.0,448.0,104.37278,448.40915,0.436225,0.5535050649942129
1297,112.0,448.0,112.2999,448.65598,0.21175016,0.7212776191954392
1298,232.0,448.0,231.93896,448.17102,0.27052602,0.18158552913408957
1299,256.0,448.0,256.20126,449.1944,0.27966142,1.2112353593062766
1300,264.0,448.0,264.0692,449.01312,0.52627605,1.0154840609987905
1301,272.0,448.0,272.28625,449.111,0.6321699,1.1472776652130674
1302,280.0,448.0,279.9759,448.65283,0.60843533,0.6532770464701928
1303,288.0,448.0,288.14285,448.31406,0.48537374,0.34501932966375953
1304,296.0,448.0,295.98904,448.11374,0.32673466,0.11426544979034557
1305,304.0,448.0,304.38477,448.1618,0.46859068,0.4174029049569032
1306,312.0,448.0,312.0081,448.21262,0.22016573,0.21276971463244534
1307,320.0,448.0,319.75797,448.241,0.2609884,0.3415561509523892
1308,16.0,456.0,16.270908,456.52692,0.23503843,0.5924798218368683
1309,24.0,456.0,24.565594,455.98947,0.5150084,0.5656917059559952
1310,32.0,456.0,32.236908,456.16092,0.20495518,0.2863919806216526
1311,64.0,456.0,64.00431,456.71964,0.30884984,0.719647919903147
1312,72.0,456.0,72.419334,456.8166,0.26960084,0.9179648818089271
1313,80.0,456.0,80.07275,456.64767,0.28571087,0.6517471573976523
1314,88.0,456.0,88.013336,456.80698,0.25524405,0.8070865084571809
1315,96.0,456.0,96.68498,456.71066,0.29310247,0.9870371957310063
1316,104.0,456.0,104.40024,457.01776,0.27162752,1.0936308374375832
1317,120.0,456.0,120.55707,456.72153,0.20567499,0.9115514074782836
1318,128.0,456.0,128.36469,456.53387,0.24616863,0.6465424860165498
1319,248.0,456.0,248.13773,456.12677,0.29027584,0.1871871847180305
1320,256.0,456.0,255.86772,456.2466,0.28322026,0.27984877265896196
1321,264.0,456.0,264.02182,456.5663,0.25548366,0.5667349042738273
1322,272.0,456.0,271.9242,456.7605,0.26077992,0.7642668238283318
1323,280.0,456.0,279.9322,456.6195,0.50913924,0.6232069670821888
1324,288.0,456.0,288.0114,456.78674,0.4452062,0.7868259501792761
1325,296.0,456.0,296.00504,456.7372,0.35045224,0.7372303312588634
1326,304.0,456.0,304.51266,456.40454,0.46602768,0.6530533096732568
1327,312.0,456.0,312.19455,456.1359,0.36316538,0.23731186545862093
1328,320.0,456.0,320.04752,456.43454,0.48575193,0.4371299477168479
